,hpg_store_id,visit_datetime,reserve_datetime,reserve_visitors
0,hpg_c63f6f42e088e50f,2016-01-01 11:00:00,2016-01-01 09:00:00,1
1,hpg_dac72789163a3f47,2016-01-01 13:00:00,2016-01-01 06:00:00,3
2,hpg_c8e24dcf51ca1eb5,2016-01-01 16:00:00,2016-01-01 14:00:00,2
3,hpg_24bb207e5fd49d4a,2016-01-01 17:00:00,2016-01-01 11:00:00,5
4,hpg_25291c542ebb3bc2,2016-01-01 17:00:00,2016-01-01 03:00:00,13
5,hpg_28bdf7a336ec6a7b,2016-01-01 17:00:00,2016-01-01 15:00:00,2
6,hpg_2a01a042bca04ad9,2016-01-01 17:00:00,2016-01-01 17:00:00,2
7,hpg_2a84dd9f4c140b82,2016-01-01 17:00:00,2016-01-01 15:00:00,2
8,hpg_2ad179871696901f,2016-01-01 17:00:00,2016-01-01 13:00:00,2
9,hpg_2c1d989eedb0ff83,2016-01-01 17:00:00,2016-01-01 15:00:00,6
10,hpg_33ec1499d6b13141,2016-01-01 17:00:00,2016-01-01 15:00:00,2
11,hpg_3db9d09c5f93950a,2016-01-01 17:00:00,2016-01-01 16:00:00,2
12,hpg_41b71f51a8f65c1d,2016-01-01 17:00:00,2016-01-01 09:00:00,2
13,hpg_41b71f51a8f65c1d,2016-01-01 17:00:00,2016-01-01 15:00:00,2
14,hpg_4a4bfa8cdf978d5f,2016-01-01 17:00:00,2016-01-01 14:00:00,5
15,hpg_4e4f1f49ac180e72,2016-01-01 17:00:00,2016-01-01 16:00:00,4
16,hpg_52b68a5ac1a1b391,2016-01-01 17:00:00,2016-01-01 16:00:00,2
17,hpg_56ed47abb3e3a1ab,2016-01-01 17:00:00,2016-01-01 13:00:00,4
18,hpg_62f22eb77320e09b,2016-01-01 17:00:00,2016-01-01 15:00:00,5
19,hpg_6ab4b09e096005ed,2016-01-01 17:00:00,2016-01-01 16:00:00,2
20,hpg_6e88419fb20b4340,2016-01-01 17:00:00,2016-01-01 07:00:00,5
21,hpg_7d3e4dd0eb997f0b,2016-01-01 17:00:00,2016-01-01 11:00:00,4
22,hpg_91513661ad381d45,2016-01-01 17:00:00,2016-01-01 16:00:00,5
23,hpg_91cdca51ab93bab5,2016-01-01 17:00:00,2016-01-01 16:00:00,3
24,hpg_93bbabe64dcaa698,2016-01-01 17:00:00,2016-01-01 16:00:00,2
25,hpg_9d165bdbb41cbf6a,2016-01-01 17:00:00,2016-01-01 11:00:00,4
26,hpg_a508a4e8b427279a,2016-01-01 17:00:00,2016-01-01 10:00:00,4
27,hpg_a945c28460681526,2016-01-01 17:00:00,2016-01-01 13:00:00,2
28,hpg_ac831e5e9f5a207d,2016-01-01 17:00:00,2016-01-01 07:00:00,2
29,hpg_b10a0b7752b257b0,2016-01-01 17:00:00,2016-01-01 16:00:00,7
30,hpg_c04733d833750544,2016-01-01 17:00:00,2016-01-01 11:00:00,2
31,hpg_eaaec0515eb60fe0,2016-01-01 17:00:00,2016-01-01 16:00:00,4
32,hpg_eb4be6a2c04303cb,2016-01-01 17:00:00,2016-01-01 13:00:00,2
33,hpg_f6117f6d2533237f,2016-01-01 17:00:00,2016-01-01 12:00:00,2
34,hpg_fd3767be1bf06b66,2016-01-01 17:00:00,2016-01-01 12:00:00,2
35,hpg_0d69c2c26a7de392,2016-01-01 18:00:00,2016-01-01 12:00:00,2
36,hpg_28bdf7a336ec6a7b,2016-01-01 18:00:00,2016-01-01 15:00:00,9
37,hpg_30d5ab9055d8e087,2016-01-01 18:00:00,2016-01-01 13:00:00,2
38,hpg_37cd2a03b79e6ba0,2016-01-01 18:00:00,2016-01-01 17:00:00,5
39,hpg_37cd2a03b79e6ba0,2016-01-01 18:00:00,2016-01-01 14:00:00,5
40,hpg_3b7d239aac659f53,2016-01-01 18:00:00,2016-01-01 15:00:00,3
41,hpg_3e755d9825881876,2016-01-01 18:00:00,2016-01-01 00:00:00,2
42,hpg_3e755d9825881876,2016-01-01 18:00:00,2016-01-01 12:00:00,5
43,hpg_41aaf724e2339b0c,2016-01-01 18:00:00,2016-01-01 14:00:00,2
44,hpg_429032fb395016dd,2016-01-01 18:00:00,2016-01-01 17:00:00,2
45,hpg_48b07f5c839f8f49,2016-01-01 18:00:00,2016-01-01 14:00:00,6
46,hpg_5640f97d59ee9076,2016-01-01 18:00:00,2016-01-01 15:00:00,3
47,hpg_5e9598aa1f12de82,2016-01-01 18:00:00,2016-01-01 14:00:00,5
48,hpg_614fa1183c1db71e,2016-01-01 18:00:00,2016-01-01 00:00:00,3
49,hpg_68b02b61575e1f03,2016-01-01 18:00:00,2016-01-01 15:00:00,2
50,hpg_6bc7cf8abe71a8e1,2016-01-01 18:00:00,2016-01-01 10:00:00,2
51,hpg_6e88419fb20b4340,2016-01-01 18:00:00,2016-01-01 04:00:00,5
52,hpg_71bd045fc40969a7,2016-01-01 18:00:00,2016-01-01 17:00:00,3
53,hpg_71bd045fc40969a7,2016-01-01 18:00:00,2016-01-01 17:00:00,2
54,hpg_725a93e7a93495b0,2016-01-01 18:00:00,2016-01-01 10:00:00,4
55,hpg_749aec60f1346a46,2016-01-01 18:00:00,2016-01-01 15:00:00,2
56,hpg_7d1585d7e6d87c04,2016-01-01 18:00:00,2016-01-01 17:00:00,2
57,hpg_7d4676cc3a9821ea,2016-01-01 18:00:00,2016-01-01 03:00:00,2
58,hpg_7dcf8db235a3b41b,2016-01-01 18:00:00,2016-01-01 12:00:00,8
59,hpg_7ffe8fb377bf05f1,2016-01-01 18:00:00,2016-01-01 13:00:00,2
60,hpg_803de5106b632b76,2016-01-01 18:00:00,2016-01-01 16:00:00,2
61,hpg_8623b83c6b3cdcb0,2016-01-01 18:00:00,2016-01-01 00:00:00,2
62,hpg_8623b83c6b3cdcb0,2016-01-01 18:00:00,2016-01-01 00:00:00,2
63,hpg_89be75188da4953f,2016-01-01 18:00:00,2016-01-01 14:00:00,3
64,hpg_8f4351981f8a8436,2016-01-01 18:00:00,2016-01-01 09:00:00,6
65,hpg_95423eedc8f0d546,2016-01-01 18:00:00,2016-01-01 10:00:00,2
66,hpg_95e9aa8e55d80bc0,2016-01-01 18:00:00,2016-01-01 10:00:00,2
67,hpg_b789c5ba6b30be00,2016-01-01 18:00:00,2016-01-01 13:00:00,3
68,hpg_b7f05c204af42b91,2016-01-01 18:00:00,2016-01-01 12:00:00,6
69,hpg_be9bd53971da4ed3,2016-01-01 18:00:00,2016-01-01 17:00:00,3
70,hpg_c265a318b37114f0,2016-01-01 18:00:00,2016-01-01 12:00:00,5
71,hpg_e5896864b5de4a85,2016-01-01 18:00:00,2016-01-01 06:00:00,4
72,hpg_ea38f0f5b6ff6091,2016-01-01 18:00:00,2016-01-01 10:00:00,2
73,hpg_f26a01efd41e0314,2016-01-01 18:00:00,2016-01-01 13:00:00,11
74,hpg_f2d42d80131d54f2,2016-01-01 18:00:00,2016-01-01 16:00:00,3
75,hpg_f5eff39291f1e861,2016-01-01 18:00:00,2016-01-01 14:00:00,2
76,hpg_f802d9079d5b1af3,2016-01-01 18:00:00,2016-01-01 17:00:00,2
77,hpg_f92222c61d0adb11,2016-01-01 18:00:00,2016-01-01 12:00:00,5
78,hpg_faeacb15ef911414,2016-01-01 18:00:00,2016-01-01 13:00:00,3
79,hpg_0168bd07d1336369,2016-01-01 19:00:00,2016-01-01 15:00:00,5
80,hpg_0a633f71caf6dd95,2016-01-01 19:00:00,2016-01-01 10:00:00,6
81,hpg_0cc9e3b472c20381,2016-01-01 19:00:00,2016-01-01 18:00:00,2
82,hpg_0d302fa8c929ff48,2016-01-01 19:00:00,2016-01-01 12:00:00,3
83,hpg_28bdf7a336ec6a7b,2016-01-01 19:00:00,2016-01-01 14:00:00,3
84,hpg_3018271825f9358f,2016-01-01 19:00:00,2016-01-01 16:00:00,2
85,hpg_37cd2a03b79e6ba0,2016-01-01 19:00:00,2016-01-01 19:00:00,4
86,hpg_37cd2a03b79e6ba0,2016-01-01 19:00:00,2016-01-01 18:00:00,3
87,hpg_3809f6ebbeb2e347,2016-01-01 19:00:00,2016-01-01 18:00:00,2
88,hpg_3b26898fded5f9d7,2016-01-01 19:00:00,2016-01-01 10:00:00,2
89,hpg_4488a1c91ca805c0,2016-01-01 19:00:00,2016-01-01 17:00:00,2
90,hpg_4c2f43c181be62da,2016-01-01 19:00:00,2016-01-01 13:00:00,4
91,hpg_4e8e2cd513a53dca,2016-01-01 19:00:00,2016-01-01 13:00:00,3
92,hpg_509dc513a435b04b,2016-01-01 19:00:00,2016-01-01 17:00:00,2
93,hpg_54d3a3f3f5ccb2e7,2016-01-01 19:00:00,2016-01-01 14:00:00,4
94,hpg_5ac19374111ee58c,2016-01-01 19:00:00,2016-01-01 13:00:00,6
95,hpg_6bc7cf8abe71a8e1,2016-01-01 19:00:00,2016-01-01 01:00:00,2
96,hpg_6d6c5ca7ae3c5cbb,2016-01-01 19:00:00,2016-01-01 16:00:00,4
97,hpg_7109da0127fb94fd,2016-01-01 19:00:00,2016-01-01 10:00:00,2
98,hpg_7d4676cc3a9821ea,2016-01-01 19:00:00,2016-01-01 18:00:00,2
99,hpg_7ffe8fb377bf05f1,2016-01-01 19:00:00,2016-01-01 15:00:00,5
100,hpg_807368d420772044,2016-01-01 19:00:00,2016-01-01 10:00:00,2
101,hpg_834f757c0a24e74d,2016-01-01 19:00:00,2016-01-01 14:00:00,3
102,hpg_87362d637d70aaa1,2016-01-01 19:00:00,2016-01-01 18:00:00,2
103,hpg_878cc70b1abc76f7,2016-01-01 19:00:00,2016-01-01 15:00:00,4
104,hpg_937cdd63a05354e5,2016-01-01 19:00:00,2016-01-01 14:00:00,5
105,hpg_93bbabe64dcaa698,2016-01-01 19:00:00,2016-01-01 12:00:00,2
106,hpg_962b3ed9f41e5b63,2016-01-01 19:00:00,2016-01-01 15:00:00,2
107,hpg_a19cfb4845cd2903,2016-01-01 19:00:00,2016-01-01 15:00:00,2
108,hpg_a508a4e8b427279a,2016-01-01 19:00:00,2016-01-01 17:00:00,2
109,hpg_b1607f7afdd0c67a,2016-01-01 19:00:00,2016-01-01 16:00:00,2
110,hpg_b331d564faf8ef78,2016-01-01 19:00:00,2016-01-01 01:00:00,3
111,hpg_b85d87bfe7bb4709,2016-01-01 19:00:00,2016-01-01 18:00:00,2
112,hpg_b8dfed4159ab691a,2016-01-01 19:00:00,2016-01-01 15:00:00,2
113,hpg_bd5ddcc6acd36caa,2016-01-01 19:00:00,2016-01-01 15:00:00,5
114,hpg_bec4ed80444bac38,2016-01-01 19:00:00,2016-01-01 16:00:00,2
115,hpg_bfd7de179720eb4a,2016-01-01 19:00:00,2016-01-01 12:00:00,4
116,hpg_c0263fd8df143188,2016-01-01 19:00:00,2016-01-01 16:00:00,2
117,hpg_c1d7804e110ab296,2016-01-01 19:00:00,2016-01-01 19:00:00,4
118,hpg_c265a318b37114f0,2016-01-01 19:00:00,2016-01-01 12:00:00,3
119,hpg_c487390517f6ad84,2016-01-01 19:00:00,2016-01-01 12:00:00,4
120,hpg_cb756234cc8c6439,2016-01-01 19:00:00,2016-01-01 11:00:00,4
121,hpg_dc639640420bde5f,2016-01-01 19:00:00,2016-01-01 16:00:00,2
122,hpg_de6ff8982341c1eb,2016-01-01 19:00:00,2016-01-01 15:00:00,2
123,hpg_e7d1ad14e87b92ba,2016-01-01 19:00:00,2016-01-01 13:00:00,3
124,hpg_ebad9e5c556cb557,2016-01-01 19:00:00,2016-01-01 16:00:00,3
125,hpg_f1140f5c5c5b581c,2016-01-01 19:00:00,2016-01-01 16:00:00,4
126,hpg_f23b00c038f70720,2016-01-01 19:00:00,2016-01-01 00:00:00,4
127,hpg_f52ca09c98a38e07,2016-01-01 19:00:00,2016-01-01 14:00:00,3
128,hpg_faeacb15ef911414,2016-01-01 19:00:00,2016-01-01 16:00:00,4
129,hpg_fb47f639355e6cb6,2016-01-01 19:00:00,2016-01-01 15:00:00,2
130,hpg_1cc9523ff72fc7cc,2016-01-01 20:00:00,2016-01-01 17:00:00,3
131,hpg_28bdf7a336ec6a7b,2016-01-01 20:00:00,2016-01-01 18:00:00,3
132,hpg_336385eeb7e57e2a,2016-01-01 20:00:00,2016-01-01 16:00:00,2
133,hpg_3b26898fded5f9d7,2016-01-01 20:00:00,2016-01-01 16:00:00,2
134,hpg_56c6f1a3f0361193,2016-01-01 20:00:00,2016-01-01 13:00:00,2
135,hpg_6acecbd8ac9b7693,2016-01-01 20:00:00,2016-01-01 20:00:00,2
136,hpg_a424f1eab0f4d3a4,2016-01-01 20:00:00,2016-01-01 18:00:00,2
137,hpg_a60a81894c6d9dac,2016-01-01 20:00:00,2016-01-01 15:00:00,4
138,hpg_ad27961cdc706c51,2016-01-01 20:00:00,2016-01-01 16:00:00,2
139,hpg_b85d87bfe7bb4709,2016-01-01 20:00:00,2016-01-01 17:00:00,3
140,hpg_c66111c11ba6382e,2016-01-01 20:00:00,2016-01-01 14:00:00,2
141,hpg_d8360804e48f7f3b,2016-01-01 20:00:00,2016-01-01 16:00:00,3
142,hpg_dd69814852f189eb,2016-01-01 20:00:00,2016-01-01 00:00:00,6
143,hpg_e3dfbd3027e9144b,2016-01-01 20:00:00,2016-01-01 14:00:00,4
144,hpg_fe372ac5dd0d8432,2016-01-01 20:00:00,2016-01-01 18:00:00,2
145,hpg_22200c4926922f31,2016-01-01 21:00:00,2016-01-01 20:00:00,4
146,hpg_37cd2a03b79e6ba0,2016-01-01 21:00:00,2016-01-01 20:00:00,2
147,hpg_d382e685f72a18c1,2016-01-01 21:00:00,2016-01-01 15:00:00,2
148,hpg_1cc9523ff72fc7cc,2016-01-01 22:00:00,2016-01-01 16:00:00,2
149,hpg_1cc9523ff72fc7cc,2016-01-01 22:00:00,2016-01-01 11:00:00,3
150,hpg_6d6c5ca7ae3c5cbb,2016-01-01 22:00:00,2016-01-01 19:00:00,4
151,hpg_ccd9468b51de8fef,2016-01-01 22:00:00,2016-01-01 20:00:00,4
152,hpg_979c3eff65e6d5d1,2016-01-02 10:00:00,2016-01-01 11:00:00,2
153,hpg_096af31beb40b93b,2016-01-02 11:00:00,2016-01-01 16:00:00,2
154,hpg_2200c5efdaef0ae8,2016-01-02 11:00:00,2016-01-01 11:00:00,8
155,hpg_4864e2002fadd960,2016-01-02 11:00:00,2016-01-01 13:00:00,2
156,hpg_49e3a7a55e8e3f19,2016-01-02 11:00:00,2016-01-01 20:00:00,2
157,hpg_622e36bf1bcbd5a3,2016-01-02 11:00:00,2016-01-01 16:00:00,2
158,hpg_6e0cffc0ae7d75e9,2016-01-02 11:00:00,2016-01-01 13:00:00,3
159,hpg_bdebc03ce25b6eb0,2016-01-02 11:00:00,2016-01-01 06:00:00,4
160,hpg_e0bdf8d6ea4e1d6c,2016-01-02 11:00:00,2016-01-01 14:00:00,4
161,hpg_e4641edebaf8eaec,2016-01-02 11:00:00,2016-01-01 11:00:00,7
162,hpg_e9493be93a762dd4,2016-01-02 11:00:00,2016-01-01 14:00:00,3
163,hpg_1a75104614cd4f8c,2016-01-02 12:00:00,2016-01-01 11:00:00,2
164,hpg_2b4d343d557c12db,2016-01-02 12:00:00,2016-01-01 16:00:00,9
165,hpg_2b96ed0651909731,2016-01-02 12:00:00,2016-01-02 09:00:00,2
166,hpg_32fbb879e0813af1,2016-01-02 12:00:00,2016-01-01 01:00:00,2
167,hpg_55552d131833e7f0,2016-01-02 12:00:00,2016-01-01 16:00:00,4
168,hpg_5652d07938de68dd,2016-01-02 12:00:00,2016-01-01 16:00:00,5
169,hpg_5b0c29ce8c287fdd,2016-01-02 12:00:00,2016-01-01 15:00:00,2
170,hpg_5b0c29ce8c287fdd,2016-01-02 12:00:00,2016-01-01 14:00:00,7
171,hpg_6ebcd94c06c5e5f5,2016-01-02 12:00:00,2016-01-01 12:00:00,4
172,hpg_7844769f38cd27d9,2016-01-02 12:00:00,2016-01-01 17:00:00,4
173,hpg_9b264d8971bc48bb,2016-01-02 12:00:00,2016-01-01 01:00:00,4
174,hpg_a00b81d9c3a2d140,2016-01-02 12:00:00,2016-01-01 00:00:00,6
175,hpg_bb5b8c50cdb18de8,2016-01-02 12:00:00,2016-01-01 21:00:00,6
176,hpg_bb5b8c50cdb18de8,2016-01-02 12:00:00,2016-01-01 13:00:00,3
177,hpg_bd03cc75d31a906e,2016-01-02 12:00:00,2016-01-01 14:00:00,7
178,hpg_c2c12e9cc9901fc4,2016-01-02 12:00:00,2016-01-01 14:00:00,2
179,hpg_c97f8754b05f0bc4,2016-01-02 12:00:00,2016-01-01 10:00:00,2
180,hpg_d8b9073adee6d02a,2016-01-02 12:00:00,2016-01-02 01:00:00,2
181,hpg_dac72789163a3f47,2016-01-02 12:00:00,2016-01-01 20:00:00,2
182,hpg_e3bd1533a2670376,2016-01-02 12:00:00,2016-01-01 01:00:00,2
183,hpg_06c98084a6dd042e,2016-01-02 13:00:00,2016-01-01 11:00:00,10
184,hpg_11453449d243bb20,2016-01-02 13:00:00,2016-01-02 00:00:00,3
185,hpg_17c0a52feb5ce0ec,2016-01-02 13:00:00,2016-01-01 03:00:00,3
186,hpg_3a08e8ff5813a233,2016-01-02 13:00:00,2016-01-02 11:00:00,3
187,hpg_4c0f91e3fb8d1ba7,2016-01-02 13:00:00,2016-01-01 00:00:00,12
188,hpg_5c83ed5c4d14a95c,2016-01-02 13:00:00,2016-01-01 00:00:00,4
189,hpg_68d745cee876a527,2016-01-02 13:00:00,2016-01-01 15:00:00,7
190,hpg_68d745cee876a527,2016-01-02 13:00:00,2016-01-01 16:00:00,5
191,hpg_9b1813d330bc7420,2016-01-02 13:00:00,2016-01-01 12:00:00,3
192,hpg_e4641edebaf8eaec,2016-01-02 13:00:00,2016-01-01 07:00:00,6
193,hpg_26f7f02b3cc5fb5a,2016-01-02 14:00:00,2016-01-02 13:00:00,2
194,hpg_5a4cf117b663fa9d,2016-01-02 14:00:00,2016-01-01 18:00:00,5
195,hpg_5b0c29ce8c287fdd,2016-01-02 14:00:00,2016-01-01 05:00:00,2
196,hpg_7f45e563da754ca1,2016-01-02 14:00:00,2016-01-01 16:00:00,4
197,hpg_c987c2f0680678d6,2016-01-02 14:00:00,2016-01-01 16:00:00,12
198,hpg_641891297a3ee61e,2016-01-02 15:00:00,2016-01-01 14:00:00,4
199,hpg_adc74b1b6f2dc823,2016-01-02 15:00:00,2016-01-01 14:00:00,2
200,hpg_bda681618b1a9852,2016-01-02 15:00:00,2016-01-01 12:00:00,10
201,hpg_04560d262129c7de,2016-01-02 16:00:00,2016-01-01 16:00:00,7
202,hpg_0c9ebc17ec0c51a0,2016-01-02 16:00:00,2016-01-01 13:00:00,3
203,hpg_716906a95eb27288,2016-01-02 16:00:00,2016-01-02 15:00:00,3
204,hpg_ac20c07b1620cc40,2016-01-02 16:00:00,2016-01-01 12:00:00,3
205,hpg_db0d375e7dc5b0a6,2016-01-02 16:00:00,2016-01-01 11:00:00,2
206,hpg_035050f3a03dafb2,2016-01-02 17:00:00,2016-01-02 16:00:00,6
207,hpg_05b9ac715a68163b,2016-01-02 17:00:00,2016-01-02 12:00:00,4
208,hpg_08d597dd6ec55684,2016-01-02 17:00:00,2016-01-01 00:00:00,4
209,hpg_0daa3b0d9d192085,2016-01-02 17:00:00,2016-01-01 10:00:00,9
210,hpg_10057dcb8d4abebe,2016-01-02 17:00:00,2016-01-01 16:00:00,8
211,hpg_10057dcb8d4abebe,2016-01-02 17:00:00,2016-01-01 15:00:00,2
212,hpg_117b6e135a983005,2016-01-02 17:00:00,2016-01-01 15:00:00,7
213,hpg_155cfbca13628a6a,2016-01-02 17:00:00,2016-01-01 15:00:00,7
214,hpg_18002dc6acb80a30,2016-01-02 17:00:00,2016-01-02 15:00:00,7
215,hpg_22711c0bd5cc661e,2016-01-02 17:00:00,2016-01-02 16:00:00,7
216,hpg_27c0f14115d1491a,2016-01-02 17:00:00,2016-01-02 16:00:00,5
217,hpg_315f6f111b6596f5,2016-01-02 17:00:00,2016-01-01 23:00:00,2
218,hpg_351f4d326c124f7c,2016-01-02 17:00:00,2016-01-02 14:00:00,3
219,hpg_36d75aa66ea87511,2016-01-02 17:00:00,2016-01-01 15:00:00,10
220,hpg_39e0e01ff86830c4,2016-01-02 17:00:00,2016-01-02 16:00:00,5
221,hpg_3a3cd6ec19996677,2016-01-02 17:00:00,2016-01-02 16:00:00,2
222,hpg_3b55c13a3d80eb2e,2016-01-02 17:00:00,2016-01-01 01:00:00,2
223,hpg_3b88bda61a3f7058,2016-01-02 17:00:00,2016-01-01 15:00:00,4
224,hpg_3c5354eab8c496e3,2016-01-02 17:00:00,2016-01-01 18:00:00,6
225,hpg_3d237581ec5d3a27,2016-01-02 17:00:00,2016-01-01 11:00:00,2
226,hpg_3da64749f5d81db2,2016-01-02 17:00:00,2016-01-02 09:00:00,2
227,hpg_3f81756651806b18,2016-01-02 17:00:00,2016-01-01 22:00:00,5
228,hpg_3f81756651806b18,2016-01-02 17:00:00,2016-01-01 16:00:00,4
229,hpg_43cdab2558252edc,2016-01-02 17:00:00,2016-01-01 20:00:00,6
230,hpg_43dde6232be0d4ae,2016-01-02 17:00:00,2016-01-02 12:00:00,3
231,hpg_43f9ccbb35553c70,2016-01-02 17:00:00,2016-01-02 11:00:00,10
232,hpg_49e3a7a55e8e3f19,2016-01-02 17:00:00,2016-01-02 11:00:00,7
233,hpg_4cd2421a90ddd2b1,2016-01-02 17:00:00,2016-01-01 18:00:00,5
234,hpg_4cf98a309253a9a8,2016-01-02 17:00:00,2016-01-01 16:00:00,4
235,hpg_4cf98a309253a9a8,2016-01-02 17:00:00,2016-01-01 16:00:00,4
236,hpg_4de90e1717d57531,2016-01-02 17:00:00,2016-01-01 06:00:00,2
237,hpg_516f30dbea4fd863,2016-01-02 17:00:00,2016-01-01 12:00:00,5
238,hpg_5290649ea3af5b12,2016-01-02 17:00:00,2016-01-01 23:00:00,4
239,hpg_571f0bbba466fc71,2016-01-02 17:00:00,2016-01-01 21:00:00,4
240,hpg_585fb1b0c74eb462,2016-01-02 17:00:00,2016-01-01 12:00:00,4
241,hpg_5b02ade586ef986e,2016-01-02 17:00:00,2016-01-01 11:00:00,3
242,hpg_5f098f7ab9667343,2016-01-02 17:00:00,2016-01-01 16:00:00,3
243,hpg_6746bb37dc45ce96,2016-01-02 17:00:00,2016-01-02 14:00:00,2
244,hpg_6928b312567f6c34,2016-01-02 17:00:00,2016-01-01 13:00:00,5
245,hpg_6d7459ac85b066b8,2016-01-02 17:00:00,2016-01-02 08:00:00,6
246,hpg_6eb94853241b522f,2016-01-02 17:00:00,2016-01-01 21:00:00,3
247,hpg_6ef77a603ace7e1a,2016-01-02 17:00:00,2016-01-01 16:00:00,3
248,hpg_721ea0922faa5f2b,2016-01-02 17:00:00,2016-01-01 18:00:00,5
249,hpg_725a93e7a93495b0,2016-01-02 17:00:00,2016-01-01 15:00:00,6
250,hpg_73bdd3e107d6b219,2016-01-02 17:00:00,2016-01-02 10:00:00,4
251,hpg_76a3f3d4374a7b9d,2016-01-02 17:00:00,2016-01-02 13:00:00,5
252,hpg_784cd96ff040419e,2016-01-02 17:00:00,2016-01-02 16:00:00,5
253,hpg_7b1250395da41fae,2016-01-02 17:00:00,2016-01-01 16:00:00,4
254,hpg_7dc6f6ba5bb09b9a,2016-01-02 17:00:00,2016-01-01 14:00:00,9
255,hpg_7ecab711128b4a69,2016-01-02 17:00:00,2016-01-01 18:00:00,2
256,hpg_7ed82f2b5fe2d56e,2016-01-02 17:00:00,2016-01-01 19:00:00,4
257,hpg_7f05ae1facc969ab,2016-01-02 17:00:00,2016-01-02 16:00:00,5
258,hpg_820afc97fee45771,2016-01-02 17:00:00,2016-01-02 16:00:00,5
259,hpg_82cd8b983ebbebea,2016-01-02 17:00:00,2016-01-02 15:00:00,3
260,hpg_83f62755a0fcc033,2016-01-02 17:00:00,2016-01-02 14:00:00,5
261,hpg_84fb65f78eaa9980,2016-01-02 17:00:00,2016-01-01 18:00:00,9
262,hpg_8e138304eb6dbb56,2016-01-02 17:00:00,2016-01-01 18:00:00,2
263,hpg_94bd179a80ae8e94,2016-01-02 17:00:00,2016-01-01 20:00:00,3
264,hpg_9525b1b2e0223c17,2016-01-02 17:00:00,2016-01-01 21:00:00,2
265,hpg_96f95475a20e3716,2016-01-02 17:00:00,2016-01-01 22:00:00,5
266,hpg_96ffd61b193a3597,2016-01-02 17:00:00,2016-01-01 16:00:00,4
267,hpg_9e3420533f0083e4,2016-01-02 17:00:00,2016-01-01 15:00:00,2
268,hpg_abc967b437478a74,2016-01-02 17:00:00,2016-01-02 15:00:00,2
269,hpg_b1607f7afdd0c67a,2016-01-02 17:00:00,2016-01-02 14:00:00,2
270,hpg_b2f1f6af37877154,2016-01-02 17:00:00,2016-01-02 12:00:00,2
271,hpg_b3745c222f8f9a30,2016-01-02 17:00:00,2016-01-01 14:00:00,12
272,hpg_babe2c3d962d7bb6,2016-01-02 17:00:00,2016-01-01 22:00:00,3
273,hpg_bc3d277d7adb0ea0,2016-01-02 17:00:00,2016-01-02 10:00:00,6
274,hpg_bde9e58cc1d1dbc8,2016-01-02 17:00:00,2016-01-01 21:00:00,2
275,hpg_bfd7de179720eb4a,2016-01-02 17:00:00,2016-01-01 22:00:00,2
276,hpg_c35f09d64c7bedcf,2016-01-02 17:00:00,2016-01-02 14:00:00,4
277,hpg_c80670fcd331adb7,2016-01-02 17:00:00,2016-01-01 08:00:00,4
278,hpg_cbec1da87b9fbf5d,2016-01-02 17:00:00,2016-01-02 13:00:00,3
279,hpg_cf71e862a2d2094d,2016-01-02 17:00:00,2016-01-01 15:00:00,3
280,hpg_d1372a4b2d5a69f0,2016-01-02 17:00:00,2016-01-01 11:00:00,4
281,hpg_d6aa98a5f4a66423,2016-01-02 17:00:00,2016-01-01 20:00:00,4
282,hpg_d86b2ad8e4c47e0d,2016-01-02 17:00:00,2016-01-01 22:00:00,4
283,hpg_d8fcd42fd4817e76,2016-01-02 17:00:00,2016-01-02 12:00:00,5
284,hpg_d904b33089e5026d,2016-01-02 17:00:00,2016-01-01 14:00:00,2
285,hpg_db0d375e7dc5b0a6,2016-01-02 17:00:00,2016-01-01 11:00:00,2
286,hpg_e130387cfa3c2ae1,2016-01-02 17:00:00,2016-01-01 20:00:00,5
287,hpg_e5743d53d81e83a9,2016-01-02 17:00:00,2016-01-01 15:00:00,14
288,hpg_e78855f1619e7c8e,2016-01-02 17:00:00,2016-01-01 11:00:00,6
289,hpg_e7f1a1f80256c1ea,2016-01-02 17:00:00,2016-01-01 14:00:00,3
290,hpg_e9493be93a762dd4,2016-01-02 17:00:00,2016-01-01 20:00:00,4
291,hpg_e9493be93a762dd4,2016-01-02 17:00:00,2016-01-01 19:00:00,4
292,hpg_e9493be93a762dd4,2016-01-02 17:00:00,2016-01-01 04:00:00,4
293,hpg_ee7eccd5d182de6b,2016-01-02 17:00:00,2016-01-02 14:00:00,4
294,hpg_f04580a4ed2b795e,2016-01-02 17:00:00,2016-01-02 16:00:00,8
295,hpg_f5eebee63869be3e,2016-01-02 17:00:00,2016-01-01 20:00:00,5
296,hpg_f6e00ed41c29f99c,2016-01-02 17:00:00,2016-01-01 22:00:00,5
297,hpg_f92222c61d0adb11,2016-01-02 17:00:00,2016-01-01 15:00:00,4
298,hpg_ff068149b7cdfe99,2016-01-02 17:00:00,2016-01-02 15:00:00,5
299,hpg_00497dd86c0bb934,2016-01-02 18:00:00,2016-01-01 16:00:00,2
300,hpg_00c6b225ef98a262,2016-01-02 18:00:00,2016-01-01 21:00:00,4
301,hpg_02a1c68d520900d8,2016-01-02 18:00:00,2016-01-01 23:00:00,2
302,hpg_02d811c9f3125dd9,2016-01-02 18:00:00,2016-01-02 09:00:00,4
303,hpg_0348c5bff10ce71f,2016-01-02 18:00:00,2016-01-01 20:00:00,4
304,hpg_048dae5452e61c4c,2016-01-02 18:00:00,2016-01-01 13:00:00,3
305,hpg_04e54d34ae2341b0,2016-01-02 18:00:00,2016-01-02 14:00:00,3
306,hpg_05b9ac715a68163b,2016-01-02 18:00:00,2016-01-01 12:00:00,9
307,hpg_0701d6b37217f8c9,2016-01-02 18:00:00,2016-01-01 17:00:00,9
308,hpg_0cd389cd4526b276,2016-01-02 18:00:00,2016-01-01 13:00:00,3
309,hpg_10c2c69ef01dcfd8,2016-01-02 18:00:00,2016-01-02 15:00:00,4
310,hpg_126f14a1fba90056,2016-01-02 18:00:00,2016-01-02 14:00:00,2
311,hpg_127c88c6c40fb724,2016-01-02 18:00:00,2016-01-01 11:00:00,7
312,hpg_12a1862a49507be0,2016-01-02 18:00:00,2016-01-02 14:00:00,3
313,hpg_1315b863d39d94ed,2016-01-02 18:00:00,2016-01-01 23:00:00,3
314,hpg_14d0fcda25dfa7e8,2016-01-02 18:00:00,2016-01-02 16:00:00,3
315,hpg_1508ebcfa219e347,2016-01-02 18:00:00,2016-01-02 04:00:00,3
316,hpg_1594613c0f5d07c7,2016-01-02 18:00:00,2016-01-01 12:00:00,6
317,hpg_1594613c0f5d07c7,2016-01-02 18:00:00,2016-01-02 16:00:00,8
318,hpg_1594613c0f5d07c7,2016-01-02 18:00:00,2016-01-01 09:00:00,8
319,hpg_1719ac90aec9687c,2016-01-02 18:00:00,2016-01-02 16:00:00,2
320,hpg_172b9f2d863b9aac,2016-01-02 18:00:00,2016-01-02 14:00:00,5
321,hpg_175d193e59ccd949,2016-01-02 18:00:00,2016-01-02 16:00:00,11
322,hpg_175d193e59ccd949,2016-01-02 18:00:00,2016-01-02 12:00:00,5
323,hpg_175d193e59ccd949,2016-01-02 18:00:00,2016-01-01 15:00:00,3
324,hpg_18002dc6acb80a30,2016-01-02 18:00:00,2016-01-02 13:00:00,7
325,hpg_1840bdaa8cf0bea9,2016-01-02 18:00:00,2016-01-01 17:00:00,3
326,hpg_18a24e4815b25473,2016-01-02 18:00:00,2016-01-01 17:00:00,8
327,hpg_18bf05eebc85abf8,2016-01-02 18:00:00,2016-01-01 15:00:00,3
328,hpg_196b6133886fabe7,2016-01-02 18:00:00,2016-01-01 22:00:00,3
329,hpg_1a1c7f48b809e84b,2016-01-02 18:00:00,2016-01-01 22:00:00,4
330,hpg_1b5b6b6e237a6483,2016-01-02 18:00:00,2016-01-01 22:00:00,7
331,hpg_1cc9523ff72fc7cc,2016-01-02 18:00:00,2016-01-01 23:00:00,3
332,hpg_1d74896985e0bf2c,2016-01-02 18:00:00,2016-01-02 09:00:00,2
333,hpg_1db660d191e60906,2016-01-02 18:00:00,2016-01-01 16:00:00,8
334,hpg_20a82be82862b230,2016-01-02 18:00:00,2016-01-02 15:00:00,3
335,hpg_20d5aafe81f94ebb,2016-01-02 18:00:00,2016-01-01 11:00:00,3
336,hpg_21d234d52714aad4,2016-01-02 18:00:00,2016-01-01 15:00:00,3
337,hpg_22711c0bd5cc661e,2016-01-02 18:00:00,2016-01-01 16:00:00,2
338,hpg_23ce1aa8cbeaecb9,2016-01-02 18:00:00,2016-01-02 17:00:00,2
339,hpg_251173fa54336bac,2016-01-02 18:00:00,2016-01-02 12:00:00,4
340,hpg_25d2b2a88f2edc09,2016-01-02 18:00:00,2016-01-01 15:00:00,4
341,hpg_25d2b2a88f2edc09,2016-01-02 18:00:00,2016-01-01 13:00:00,6
342,hpg_26e837dd494511ad,2016-01-02 18:00:00,2016-01-02 13:00:00,4
343,hpg_2925c9402352e19b,2016-01-02 18:00:00,2016-01-02 15:00:00,2
344,hpg_29fef2d18e820126,2016-01-02 18:00:00,2016-01-01 13:00:00,2
345,hpg_2a00f08a9c702b49,2016-01-02 18:00:00,2016-01-01 02:00:00,2
346,hpg_2c1d989eedb0ff83,2016-01-02 18:00:00,2016-01-02 15:00:00,6
347,hpg_2c1d989eedb0ff83,2016-01-02 18:00:00,2016-01-02 14:00:00,4
348,hpg_2e10e1956528199a,2016-01-02 18:00:00,2016-01-02 17:00:00,2
349,hpg_2e10e1956528199a,2016-01-02 18:00:00,2016-01-01 20:00:00,2
350,hpg_2e10e1956528199a,2016-01-02 18:00:00,2016-01-01 21:00:00,3
351,hpg_2e7743d1651fd5f2,2016-01-02 18:00:00,2016-01-01 18:00:00,3
352,hpg_2f0e5dabefbfce19,2016-01-02 18:00:00,2016-01-01 18:00:00,6
353,hpg_2f2c307cb40ec041,2016-01-02 18:00:00,2016-01-01 15:00:00,4
354,hpg_2f3f5965d2c5eae9,2016-01-02 18:00:00,2016-01-01 00:00:00,6
355,hpg_2f9cfb6b94dd52b3,2016-01-02 18:00:00,2016-01-02 16:00:00,4
356,hpg_2fc5995aa1cb23d2,2016-01-02 18:00:00,2016-01-01 23:00:00,3
357,hpg_30a3b59294211a0e,2016-01-02 18:00:00,2016-01-01 00:00:00,4
358,hpg_30fcbb26b6c21623,2016-01-02 18:00:00,2016-01-01 16:00:00,2
359,hpg_33ec1499d6b13141,2016-01-02 18:00:00,2016-01-02 08:00:00,4
360,hpg_341d2e8cf9ac7417,2016-01-02 18:00:00,2016-01-02 17:00:00,6
361,hpg_36d75aa66ea87511,2016-01-02 18:00:00,2016-01-01 12:00:00,6
362,hpg_380ea2b1536fbc7b,2016-01-02 18:00:00,2016-01-02 15:00:00,2
363,hpg_3879e84bc70adb68,2016-01-02 18:00:00,2016-01-01 17:00:00,2
364,hpg_3944018f9432d0f8,2016-01-02 18:00:00,2016-01-01 18:00:00,5
365,hpg_3a15235db522181c,2016-01-02 18:00:00,2016-01-01 04:00:00,2
366,hpg_3b25138182a9f8f7,2016-01-02 18:00:00,2016-01-01 13:00:00,3
367,hpg_42e88899d8c1d9f0,2016-01-02 18:00:00,2016-01-01 14:00:00,3
368,hpg_440e39b83954f32c,2016-01-02 18:00:00,2016-01-01 16:00:00,4
369,hpg_448141b5c903abcc,2016-01-02 18:00:00,2016-01-01 13:00:00,8
370,hpg_479ac7e1cf872bc2,2016-01-02 18:00:00,2016-01-01 22:00:00,3
371,hpg_47de138de431e61b,2016-01-02 18:00:00,2016-01-02 14:00:00,4
372,hpg_48831f118aa1bc54,2016-01-02 18:00:00,2016-01-02 12:00:00,2
373,hpg_4888e9fa59f382bb,2016-01-02 18:00:00,2016-01-01 17:00:00,6
374,hpg_48a3caea48be95cc,2016-01-02 18:00:00,2016-01-01 23:00:00,3
375,hpg_49c63685c97e559c,2016-01-02 18:00:00,2016-01-01 20:00:00,2
376,hpg_4a8374129fa6f7a3,2016-01-02 18:00:00,2016-01-01 16:00:00,5
377,hpg_4be2c5af48984013,2016-01-02 18:00:00,2016-01-01 22:00:00,3
378,hpg_4be4a5cb851e45af,2016-01-02 18:00:00,2016-01-02 16:00:00,2
379,hpg_4cbf49e33778f9f2,2016-01-02 18:00:00,2016-01-02 14:00:00,2
380,hpg_4e83f0111fd5c01b,2016-01-02 18:00:00,2016-01-01 11:00:00,2
381,hpg_4e8e2cd513a53dca,2016-01-02 18:00:00,2016-01-01 19:00:00,9
382,hpg_4e8e2cd513a53dca,2016-01-02 18:00:00,2016-01-02 01:00:00,5
383,hpg_4ea82546330aaa31,2016-01-02 18:00:00,2016-01-01 13:00:00,3
384,hpg_50fc3e9f39cfa94a,2016-01-02 18:00:00,2016-01-01 15:00:00,3
385,hpg_51102c243a68c7fc,2016-01-02 18:00:00,2016-01-01 22:00:00,2
386,hpg_517877e215191a04,2016-01-02 18:00:00,2016-01-01 20:00:00,3
387,hpg_526425972a274713,2016-01-02 18:00:00,2016-01-02 15:00:00,3
388,hpg_52aaec1302846a20,2016-01-02 18:00:00,2016-01-02 16:00:00,4
389,hpg_538f182b1bd2e66a,2016-01-02 18:00:00,2016-01-01 17:00:00,9
390,hpg_5470273cf5c882d4,2016-01-02 18:00:00,2016-01-01 10:00:00,2
391,hpg_54c3eb042366fffa,2016-01-02 18:00:00,2016-01-01 13:00:00,4
392,hpg_5533debc2794e418,2016-01-02 18:00:00,2016-01-01 15:00:00,2
393,hpg_55e049e3c86c4653,2016-01-02 18:00:00,2016-01-01 22:00:00,7
394,hpg_5640f97d59ee9076,2016-01-02 18:00:00,2016-01-02 15:00:00,3
395,hpg_5640f97d59ee9076,2016-01-02 18:00:00,2016-01-02 00:00:00,4
396,hpg_5640f97d59ee9076,2016-01-02 18:00:00,2016-01-02 13:00:00,3
397,hpg_58cdc0e928bddc40,2016-01-02 18:00:00,2016-01-01 22:00:00,5
398,hpg_5ac19374111ee58c,2016-01-02 18:00:00,2016-01-02 12:00:00,3
399,hpg_5ac19374111ee58c,2016-01-02 18:00:00,2016-01-01 18:00:00,3
400,hpg_5be081c26f435384,2016-01-02 18:00:00,2016-01-01 03:00:00,8
401,hpg_5c91dadad6330204,2016-01-02 18:00:00,2016-01-01 19:00:00,3
402,hpg_5e958aa528d62285,2016-01-02 18:00:00,2016-01-01 21:00:00,2
403,hpg_5e958aa528d62285,2016-01-02 18:00:00,2016-01-02 12:00:00,4
404,hpg_5f87315f5ed49480,2016-01-02 18:00:00,2016-01-01 13:00:00,2
405,hpg_609a686acc2cd8ff,2016-01-02 18:00:00,2016-01-02 14:00:00,4
406,hpg_61496048f5ea6805,2016-01-02 18:00:00,2016-01-02 16:00:00,3
407,hpg_619a7e97f5bdb311,2016-01-02 18:00:00,2016-01-01 18:00:00,3
408,hpg_63acab893bb35295,2016-01-02 18:00:00,2016-01-01 12:00:00,5
409,hpg_64589f5d86cb7325,2016-01-02 18:00:00,2016-01-02 11:00:00,10
410,hpg_647c4c2753cd4a1e,2016-01-02 18:00:00,2016-01-02 14:00:00,6
411,hpg_6558603382c4d890,2016-01-02 18:00:00,2016-01-01 19:00:00,4
412,hpg_68089c6d06a94530,2016-01-02 18:00:00,2016-01-02 14:00:00,3
413,hpg_6985489b61c176c9,2016-01-02 18:00:00,2016-01-02 12:00:00,4
414,hpg_6abdee9b7ff33817,2016-01-02 18:00:00,2016-01-01 10:00:00,7
415,hpg_6bf24fec199c052e,2016-01-02 18:00:00,2016-01-01 17:00:00,2
416,hpg_6c693ea72af62746,2016-01-02 18:00:00,2016-01-01 22:00:00,4
417,hpg_6c8e7b9725b900ec,2016-01-02 18:00:00,2016-01-02 12:00:00,2
418,hpg_6c93869fbd3ecebf,2016-01-02 18:00:00,2016-01-01 14:00:00,2
419,hpg_6cb7703ccf14bfc6,2016-01-02 18:00:00,2016-01-01 22:00:00,5
420,hpg_6e1adb7229fa30a7,2016-01-02 18:00:00,2016-01-02 14:00:00,2
421,hpg_713b1bfaad0cb0e5,2016-01-02 18:00:00,2016-01-01 19:00:00,4
422,hpg_716906a95eb27288,2016-01-02 18:00:00,2016-01-01 17:00:00,6
423,hpg_71d01822ca19ef58,2016-01-02 18:00:00,2016-01-01 10:00:00,5
424,hpg_71fb038049868c65,2016-01-02 18:00:00,2016-01-01 11:00:00,4
425,hpg_721ea0922faa5f2b,2016-01-02 18:00:00,2016-01-01 22:00:00,2
426,hpg_726310199b681907,2016-01-02 18:00:00,2016-01-01 12:00:00,2
427,hpg_7274be471a06a790,2016-01-02 18:00:00,2016-01-01 15:00:00,3
428,hpg_72cec28e013109b1,2016-01-02 18:00:00,2016-01-02 17:00:00,2
429,hpg_72f56a42a9cbdbd7,2016-01-02 18:00:00,2016-01-02 13:00:00,2
430,hpg_73a0a29c0530b1e9,2016-01-02 18:00:00,2016-01-01 09:00:00,6
431,hpg_741b567d5b172c26,2016-01-02 18:00:00,2016-01-02 03:00:00,8
432,hpg_7459535472b27200,2016-01-02 18:00:00,2016-01-01 12:00:00,7
433,hpg_74746077928a1cd6,2016-01-02 18:00:00,2016-01-01 11:00:00,7
434,hpg_74c866faf4252488,2016-01-02 18:00:00,2016-01-01 17:00:00,7
435,hpg_757a6caaddf39b65,2016-01-02 18:00:00,2016-01-02 04:00:00,10
436,hpg_759e1a0827678a80,2016-01-02 18:00:00,2016-01-01 14:00:00,6
437,hpg_759e1a0827678a80,2016-01-02 18:00:00,2016-01-01 14:00:00,3
438,hpg_75dee99f283b6248,2016-01-02 18:00:00,2016-01-01 16:00:00,2
439,hpg_75f0822282d228bc,2016-01-02 18:00:00,2016-01-02 13:00:00,2
440,hpg_76adae208ded6247,2016-01-02 18:00:00,2016-01-01 23:00:00,6
441,hpg_77e604eb640532b9,2016-01-02 18:00:00,2016-01-01 23:00:00,8
442,hpg_77e604eb640532b9,2016-01-02 18:00:00,2016-01-01 20:00:00,2
443,hpg_78e6277d36cbc357,2016-01-02 18:00:00,2016-01-02 09:00:00,2
444,hpg_794d68837574b8bf,2016-01-02 18:00:00,2016-01-01 20:00:00,2
445,hpg_7b9459b4d837bcc1,2016-01-02 18:00:00,2016-01-01 10:00:00,7
446,hpg_7bb131daa7442f01,2016-01-02 18:00:00,2016-01-02 13:00:00,3
447,hpg_7d3cf25162e59f4a,2016-01-02 18:00:00,2016-01-01 12:00:00,3
448,hpg_7d70810fae09888c,2016-01-02 18:00:00,2016-01-02 05:00:00,4
449,hpg_7de0becfa33c5d11,2016-01-02 18:00:00,2016-01-02 09:00:00,3
450,hpg_7e58fb01d65aca60,2016-01-02 18:00:00,2016-01-02 17:00:00,2
451,hpg_7f05ae1facc969ab,2016-01-02 18:00:00,2016-01-02 17:00:00,3
452,hpg_7f05ae1facc969ab,2016-01-02 18:00:00,2016-01-02 11:00:00,4
453,hpg_8072ff2fb418e273,2016-01-02 18:00:00,2016-01-02 14:00:00,2
454,hpg_8077f8c5e5d46db2,2016-01-02 18:00:00,2016-01-01 00:00:00,9
455,hpg_80aaa8784a401d46,2016-01-02 18:00:00,2016-01-01 13:00:00,3
456,hpg_817e022240239942,2016-01-02 18:00:00,2016-01-01 20:00:00,6
457,hpg_82f34a7be13990cc,2016-01-02 18:00:00,2016-01-01 21:00:00,3
458,hpg_84ca8e1545b529d9,2016-01-02 18:00:00,2016-01-01 08:00:00,2
459,hpg_861a31766bc23f8b,2016-01-02 18:00:00,2016-01-02 12:00:00,2
460,hpg_8712eeae500c7ae0,2016-01-02 18:00:00,2016-01-01 10:00:00,2
461,hpg_87c07a6840c0b7fe,2016-01-02 18:00:00,2016-01-02 10:00:00,4
462,hpg_88a79f87367e650d,2016-01-02 18:00:00,2016-01-02 08:00:00,6
463,hpg_89be75188da4953f,2016-01-02 18:00:00,2016-01-01 18:00:00,7
464,hpg_8f411dbde59b60e7,2016-01-02 18:00:00,2016-01-01 22:00:00,2
465,hpg_90ac790acd979fff,2016-01-02 18:00:00,2016-01-02 13:00:00,3
466,hpg_90e4e1fe8b4b6eb7,2016-01-02 18:00:00,2016-01-01 22:00:00,3
467,hpg_9171442eea96aff3,2016-01-02 18:00:00,2016-01-01 21:00:00,2
468,hpg_91cdca51ab93bab5,2016-01-02 18:00:00,2016-01-02 12:00:00,2
469,hpg_92c605fe62b4f7ff,2016-01-02 18:00:00,2016-01-01 21:00:00,2
470,hpg_934ff8a05fe1b95d,2016-01-02 18:00:00,2016-01-01 21:00:00,2
471,hpg_93d0b9b09395754e,2016-01-02 18:00:00,2016-01-01 14:00:00,5
472,hpg_948655a15973e853,2016-01-02 18:00:00,2016-01-01 19:00:00,5
473,hpg_94bd179a80ae8e94,2016-01-02 18:00:00,2016-01-01 22:00:00,3
474,hpg_94bd179a80ae8e94,2016-01-02 18:00:00,2016-01-02 16:00:00,2
475,hpg_94bd179a80ae8e94,2016-01-02 18:00:00,2016-01-01 19:00:00,4
476,hpg_9525b1b2e0223c17,2016-01-02 18:00:00,2016-01-02 15:00:00,3
477,hpg_9525b1b2e0223c17,2016-01-02 18:00:00,2016-01-01 00:00:00,4
478,hpg_9525b1b2e0223c17,2016-01-02 18:00:00,2016-01-01 00:00:00,4
479,hpg_9525b1b2e0223c17,2016-01-02 18:00:00,2016-01-02 00:00:00,2
480,hpg_971af9b8700e920a,2016-01-02 18:00:00,2016-01-01 19:00:00,3
481,hpg_971af9b8700e920a,2016-01-02 18:00:00,2016-01-02 14:00:00,3
482,hpg_978d58a737edf76e,2016-01-02 18:00:00,2016-01-02 16:00:00,4
483,hpg_97b354585b657435,2016-01-02 18:00:00,2016-01-02 13:00:00,3
484,hpg_99b2542d3ab6bfbd,2016-01-02 18:00:00,2016-01-01 10:00:00,10
485,hpg_99e6dbfadc09100c,2016-01-02 18:00:00,2016-01-02 11:00:00,4
486,hpg_9c0464f267f5078c,2016-01-02 18:00:00,2016-01-01 16:00:00,2
487,hpg_9d48161f4879c3d2,2016-01-02 18:00:00,2016-01-02 14:00:00,3
488,hpg_9e4a5305856d7ba6,2016-01-02 18:00:00,2016-01-02 00:00:00,3
489,hpg_9f5326dd0c2b2add,2016-01-02 18:00:00,2016-01-01 14:00:00,2
490,hpg_a0e573da0a97dc71,2016-01-02 18:00:00,2016-01-02 09:00:00,2
491,hpg_a284bcfadc49db95,2016-01-02 18:00:00,2016-01-02 12:00:00,8
492,hpg_a4e56dacf21fc9d0,2016-01-02 18:00:00,2016-01-01 14:00:00,4
493,hpg_a4f28f46eebbc128,2016-01-02 18:00:00,2016-01-01 15:00:00,2
494,hpg_a636a126bd4ea37b,2016-01-02 18:00:00,2016-01-01 22:00:00,3
495,hpg_a87ac156bb675f45,2016-01-02 18:00:00,2016-01-02 12:00:00,4
496,hpg_aa5eebf795fd75cd,2016-01-02 18:00:00,2016-01-02 11:00:00,4
497,hpg_ab26159460b0ffb2,2016-01-02 18:00:00,2016-01-01 14:00:00,2
498,hpg_ab60036855dc7885,2016-01-02 18:00:00,2016-01-01 08:00:00,3
499,hpg_abc967b437478a74,2016-01-02 18:00:00,2016-01-01 19:00:00,3
500,hpg_ae7c8295c19025f6,2016-01-02 18:00:00,2016-01-02 12:00:00,7
501,hpg_ae7e7a279aadb113,2016-01-02 18:00:00,2016-01-01 20:00:00,4
502,hpg_ae7e7a279aadb113,2016-01-02 18:00:00,2016-01-02 10:00:00,2
503,hpg_aface07d37ec1c2c,2016-01-02 18:00:00,2016-01-01 20:00:00,6
504,hpg_b0f28f2c28039f88,2016-01-02 18:00:00,2016-01-01 13:00:00,4
505,hpg_b218696ef81cfae4,2016-01-02 18:00:00,2016-01-01 12:00:00,2
506,hpg_b284acba1fc1e821,2016-01-02 18:00:00,2016-01-01 22:00:00,4
507,hpg_b2bdf16202076d86,2016-01-02 18:00:00,2016-01-02 15:00:00,4
508,hpg_b2dc09b3b2ca587d,2016-01-02 18:00:00,2016-01-02 12:00:00,5
509,hpg_b2ee2cb0689c21df,2016-01-02 18:00:00,2016-01-01 20:00:00,2
510,hpg_b52da06b79da226a,2016-01-02 18:00:00,2016-01-02 10:00:00,3
511,hpg_b789c5ba6b30be00,2016-01-02 18:00:00,2016-01-02 11:00:00,2
512,hpg_b840d1cf7dcf53ec,2016-01-02 18:00:00,2016-01-01 12:00:00,3
513,hpg_b8578c1f9c410699,2016-01-02 18:00:00,2016-01-01 20:00:00,4
514,hpg_b8982b44e04b9374,2016-01-02 18:00:00,2016-01-02 17:00:00,2
515,hpg_b8b5da832ff70234,2016-01-02 18:00:00,2016-01-01 22:00:00,3
516,hpg_b988dd745e761af6,2016-01-02 18:00:00,2016-01-01 18:00:00,4
517,hpg_babe2c3d962d7bb6,2016-01-02 18:00:00,2016-01-01 12:00:00,3
518,hpg_babe2c3d962d7bb6,2016-01-02 18:00:00,2016-01-01 12:00:00,3
519,hpg_bad474b1192791bc,2016-01-02 18:00:00,2016-01-02 14:00:00,4
520,hpg_bbea72d613181f9e,2016-01-02 18:00:00,2016-01-01 21:00:00,2
521,hpg_bfd1e5fb7f2150d1,2016-01-02 18:00:00,2016-01-02 16:00:00,2
522,hpg_c0e63f984198ecaf,2016-01-02 18:00:00,2016-01-01 19:00:00,3
523,hpg_c0f347b9940c3588,2016-01-02 18:00:00,2016-01-01 04:00:00,11
524,hpg_c101044367cefb8a,2016-01-02 18:00:00,2016-01-01 10:00:00,4
525,hpg_c101044367cefb8a,2016-01-02 18:00:00,2016-01-01 16:00:00,2
526,hpg_c336b7bb4411462c,2016-01-02 18:00:00,2016-01-02 12:00:00,2
527,hpg_c35f09d64c7bedcf,2016-01-02 18:00:00,2016-01-01 19:00:00,5
528,hpg_c35f09d64c7bedcf,2016-01-02 18:00:00,2016-01-02 16:00:00,2
529,hpg_c3674c2e56d038a9,2016-01-02 18:00:00,2016-01-02 11:00:00,2
530,hpg_c42c2dee905da4b5,2016-01-02 18:00:00,2016-01-01 18:00:00,6
531,hpg_c487390517f6ad84,2016-01-02 18:00:00,2016-01-02 00:00:00,10
532,hpg_c487390517f6ad84,2016-01-02 18:00:00,2016-01-01 02:00:00,5
533,hpg_c4b48e1ab39e4760,2016-01-02 18:00:00,2016-01-01 16:00:00,3
534,hpg_c4f33587014dd154,2016-01-02 18:00:00,2016-01-01 22:00:00,4
535,hpg_c64dff053ed28da3,2016-01-02 18:00:00,2016-01-01 14:00:00,6
536,hpg_c724e9d5c6254181,2016-01-02 18:00:00,2016-01-01 19:00:00,2
537,hpg_c724e9d5c6254181,2016-01-02 18:00:00,2016-01-01 14:00:00,3
538,hpg_c7597157d677a0d6,2016-01-02 18:00:00,2016-01-01 19:00:00,2
539,hpg_ca2955c93333ad85,2016-01-02 18:00:00,2016-01-01 21:00:00,6
540,hpg_cce09cfd2186b63e,2016-01-02 18:00:00,2016-01-01 10:00:00,7
541,hpg_ce4204762cb80150,2016-01-02 18:00:00,2016-01-01 21:00:00,2
542,hpg_d0879617fb524d4a,2016-01-02 18:00:00,2016-01-01 14:00:00,2
543,hpg_d12ed5b447011cd4,2016-01-02 18:00:00,2016-01-01 01:00:00,2
544,hpg_d2b2b205c8de6963,2016-01-02 18:00:00,2016-01-01 15:00:00,13
545,hpg_d5017bfc1b5b20ba,2016-01-02 18:00:00,2016-01-02 12:00:00,3
546,hpg_d59abd178db58422,2016-01-02 18:00:00,2016-01-02 15:00:00,12
547,hpg_d81736f3391b8cef,2016-01-02 18:00:00,2016-01-02 14:00:00,4
548,hpg_d8efc1cd508299d9,2016-01-02 18:00:00,2016-01-01 17:00:00,2
549,hpg_dad7855e06b14f4b,2016-01-02 18:00:00,2016-01-01 14:00:00,2
550,hpg_dbf6e365c289caba,2016-01-02 18:00:00,2016-01-02 11:00:00,5
551,hpg_dd93b6d87c262d18,2016-01-02 18:00:00,2016-01-02 07:00:00,2
552,hpg_de1cdb196568fe5e,2016-01-02 18:00:00,2016-01-01 15:00:00,2
553,hpg_de6ff8982341c1eb,2016-01-02 18:00:00,2016-01-02 11:00:00,3
554,hpg_dec6e1362e3c0760,2016-01-02 18:00:00,2016-01-01 12:00:00,2
555,hpg_df6782f4eb5ac4e2,2016-01-02 18:00:00,2016-01-02 17:00:00,4
556,hpg_dfd6381a364b4727,2016-01-02 18:00:00,2016-01-01 01:00:00,4
557,hpg_dfe27a5481c84588,2016-01-02 18:00:00,2016-01-01 01:00:00,4
558,hpg_e037ba48e937cff0,2016-01-02 18:00:00,2016-01-01 11:00:00,2
559,hpg_e22e34937d97ee37,2016-01-02 18:00:00,2016-01-02 00:00:00,14
560,hpg_e395f5f0ba4900bf,2016-01-02 18:00:00,2016-01-01 16:00:00,8
561,hpg_e4e3fec60a81dc1a,2016-01-02 18:00:00,2016-01-02 14:00:00,2
562,hpg_e67f8e0930420034,2016-01-02 18:00:00,2016-01-01 22:00:00,7
563,hpg_e6bed368fdbecc6b,2016-01-02 18:00:00,2016-01-01 09:00:00,11
564,hpg_e74f1ba1e18cdb48,2016-01-02 18:00:00,2016-01-01 22:00:00,7
565,hpg_e78855f1619e7c8e,2016-01-02 18:00:00,2016-01-01 23:00:00,6
566,hpg_e78855f1619e7c8e,2016-01-02 18:00:00,2016-01-01 15:00:00,2
567,hpg_e9cf65aa83f8acf2,2016-01-02 18:00:00,2016-01-01 01:00:00,4
568,hpg_ea04499b70bdc037,2016-01-02 18:00:00,2016-01-01 12:00:00,2
569,hpg_eb8645ae324ae6d4,2016-01-02 18:00:00,2016-01-02 11:00:00,2
570,hpg_ebda2103e1b86973,2016-01-02 18:00:00,2016-01-01 10:00:00,6
571,hpg_ec3e244f8c9caff1,2016-01-02 18:00:00,2016-01-02 14:00:00,4
572,hpg_ed0c2bfdc7312032,2016-01-02 18:00:00,2016-01-01 11:00:00,2
573,hpg_ed50da2b98488c0d,2016-01-02 18:00:00,2016-01-01 14:00:00,13
574,hpg_ee8bd2cafed20951,2016-01-02 18:00:00,2016-01-02 15:00:00,3
575,hpg_f0aebb46f8e8e3d6,2016-01-02 18:00:00,2016-01-02 11:00:00,5
576,hpg_f101a770e169705b,2016-01-02 18:00:00,2016-01-02 16:00:00,6
577,hpg_f1a11630830d2193,2016-01-02 18:00:00,2016-01-02 12:00:00,3
578,hpg_f1a11630830d2193,2016-01-02 18:00:00,2016-01-01 19:00:00,10
579,hpg_f1a11630830d2193,2016-01-02 18:00:00,2016-01-02 10:00:00,4
580,hpg_f1ca36d352e6fa8d,2016-01-02 18:00:00,2016-01-02 00:00:00,4
581,hpg_f412896879176f33,2016-01-02 18:00:00,2016-01-01 14:00:00,2
582,hpg_f460793514dad711,2016-01-02 18:00:00,2016-01-02 11:00:00,2
583,hpg_f489eb4ff32a8733,2016-01-02 18:00:00,2016-01-01 18:00:00,3
584,hpg_f4e46a5b5bb9797d,2016-01-02 18:00:00,2016-01-02 13:00:00,3
585,hpg_f5ff4f5da94d13bf,2016-01-02 18:00:00,2016-01-01 14:00:00,3
586,hpg_f9700725bd327baf,2016-01-02 18:00:00,2016-01-01 21:00:00,2
587,hpg_f9cd3ef25513ac0a,2016-01-02 18:00:00,2016-01-02 12:00:00,2
588,hpg_fa4645feddbb183c,2016-01-02 18:00:00,2016-01-02 16:00:00,2
589,hpg_fae6c96189b4a122,2016-01-02 18:00:00,2016-01-01 19:00:00,2
590,hpg_faeacb15ef911414,2016-01-02 18:00:00,2016-01-01 14:00:00,2
591,hpg_fbfc002b8b499556,2016-01-02 18:00:00,2016-01-02 16:00:00,2
592,hpg_feccef81cbc20bac,2016-01-02 18:00:00,2016-01-02 11:00:00,4
593,hpg_01d49844159186b5,2016-01-02 19:00:00,2016-01-02 13:00:00,5
594,hpg_01d49844159186b5,2016-01-02 19:00:00,2016-01-02 10:00:00,2
595,hpg_02d811c9f3125dd9,2016-01-02 19:00:00,2016-01-02 07:00:00,2
596,hpg_035050f3a03dafb2,2016-01-02 19:00:00,2016-01-01 23:00:00,4
597,hpg_04285a145214c95f,2016-01-02 19:00:00,2016-01-02 18:00:00,2
598,hpg_048dae5452e61c4c,2016-01-02 19:00:00,2016-01-01 02:00:00,4
599,hpg_04a8f682f700a115,2016-01-02 19:00:00,2016-01-01 11:00:00,2
600,hpg_05b9ac715a68163b,2016-01-02 19:00:00,2016-01-01 18:00:00,3
601,hpg_05d59b33d87eb314,2016-01-02 19:00:00,2016-01-02 00:00:00,3
602,hpg_0701d6b37217f8c9,2016-01-02 19:00:00,2016-01-02 15:00:00,6
603,hpg_0701d6b37217f8c9,2016-01-02 19:00:00,2016-01-02 13:00:00,5
604,hpg_0ed7e9bf5cf6fdfb,2016-01-02 19:00:00,2016-01-02 00:00:00,6
605,hpg_0ed7e9bf5cf6fdfb,2016-01-02 19:00:00,2016-01-02 08:00:00,2
606,hpg_0ed7e9bf5cf6fdfb,2016-01-02 19:00:00,2016-01-01 13:00:00,4
607,hpg_11801306ce8bfb4f,2016-01-02 19:00:00,2016-01-01 19:00:00,7
608,hpg_119da6d0c11debdc,2016-01-02 19:00:00,2016-01-02 11:00:00,4
609,hpg_17c0a52feb5ce0ec,2016-01-02 19:00:00,2016-01-01 11:00:00,2
610,hpg_18d8e7754f66595b,2016-01-02 19:00:00,2016-01-01 20:00:00,4
611,hpg_1a76bfc77ad6f7f1,2016-01-02 19:00:00,2016-01-01 20:00:00,5
612,hpg_1a8328e7f597b62c,2016-01-02 19:00:00,2016-01-02 12:00:00,2
613,hpg_1ce01f6691af3d8d,2016-01-02 19:00:00,2016-01-01 20:00:00,5
614,hpg_1fb0d193861541d5,2016-01-02 19:00:00,2016-01-02 15:00:00,4
615,hpg_20ff9e701cef93dc,2016-01-02 19:00:00,2016-01-01 12:00:00,10
616,hpg_23ce1aa8cbeaecb9,2016-01-02 19:00:00,2016-01-02 14:00:00,2
617,hpg_248cf3e211dac2a5,2016-01-02 19:00:00,2016-01-02 18:00:00,2
618,hpg_2552332e8cdee343,2016-01-02 19:00:00,2016-01-02 00:00:00,2
619,hpg_2695acdad489bf4c,2016-01-02 19:00:00,2016-01-02 13:00:00,3
620,hpg_2803153570a878d4,2016-01-02 19:00:00,2016-01-01 21:00:00,4
621,hpg_28bdf7a336ec6a7b,2016-01-02 19:00:00,2016-01-02 14:00:00,2
622,hpg_28bdf7a336ec6a7b,2016-01-02 19:00:00,2016-01-02 17:00:00,3
623,hpg_28bdf7a336ec6a7b,2016-01-02 19:00:00,2016-01-02 18:00:00,3
624,hpg_2a3406dca17e46d9,2016-01-02 19:00:00,2016-01-02 17:00:00,5
625,hpg_2a48627fca719c0c,2016-01-02 19:00:00,2016-01-01 16:00:00,2
626,hpg_2ad179871696901f,2016-01-02 19:00:00,2016-01-02 11:00:00,2
627,hpg_2e10e1956528199a,2016-01-02 19:00:00,2016-01-01 21:00:00,6
628,hpg_2fc5995aa1cb23d2,2016-01-02 19:00:00,2016-01-02 12:00:00,2
629,hpg_2febc4604c8cce2d,2016-01-02 19:00:00,2016-01-01 21:00:00,4
630,hpg_301175aa2eedb070,2016-01-02 19:00:00,2016-01-01 16:00:00,2
631,hpg_302a63e6b6f03e91,2016-01-02 19:00:00,2016-01-02 14:00:00,2
632,hpg_306be89e3834ff54,2016-01-02 19:00:00,2016-01-02 15:00:00,2
633,hpg_306be89e3834ff54,2016-01-02 19:00:00,2016-01-02 13:00:00,2
634,hpg_3235d32eeecc1fcc,2016-01-02 19:00:00,2016-01-01 14:00:00,2
635,hpg_336e5c5555ea3a58,2016-01-02 19:00:00,2016-01-01 12:00:00,2
636,hpg_34de58febac54f25,2016-01-02 19:00:00,2016-01-02 08:00:00,4
637,hpg_34de58febac54f25,2016-01-02 19:00:00,2016-01-01 21:00:00,2
638,hpg_34de58febac54f25,2016-01-02 19:00:00,2016-01-01 17:00:00,3
639,hpg_35c574b17b7ce206,2016-01-02 19:00:00,2016-01-02 13:00:00,2
640,hpg_37a1b150bf049abb,2016-01-02 19:00:00,2016-01-01 18:00:00,5
641,hpg_3809f6ebbeb2e347,2016-01-02 19:00:00,2016-01-02 10:00:00,4
642,hpg_3a08e8ff5813a233,2016-01-02 19:00:00,2016-01-01 19:00:00,4
643,hpg_3a3cd6ec19996677,2016-01-02 19:00:00,2016-01-01 10:00:00,5
644,hpg_3a3cd6ec19996677,2016-01-02 19:00:00,2016-01-01 12:00:00,7
645,hpg_401be9b696af00af,2016-01-02 19:00:00,2016-01-01 22:00:00,10
646,hpg_40fa86a77b8d3fbc,2016-01-02 19:00:00,2016-01-02 12:00:00,2
647,hpg_444545eff22a73a8,2016-01-02 19:00:00,2016-01-01 20:00:00,5
648,hpg_45cb982895729097,2016-01-02 19:00:00,2016-01-02 15:00:00,4
649,hpg_479ac7e1cf872bc2,2016-01-02 19:00:00,2016-01-02 17:00:00,3
650,hpg_48831f118aa1bc54,2016-01-02 19:00:00,2016-01-02 12:00:00,2
651,hpg_4888e9fa59f382bb,2016-01-02 19:00:00,2016-01-02 15:00:00,11
652,hpg_4b8776a502c89c8e,2016-01-02 19:00:00,2016-01-01 14:00:00,2
653,hpg_4babf9b8d838116f,2016-01-02 19:00:00,2016-01-02 14:00:00,3
654,hpg_4babf9b8d838116f,2016-01-02 19:00:00,2016-01-02 14:00:00,4
655,hpg_4df2dc6b2688aee2,2016-01-02 19:00:00,2016-01-01 16:00:00,3
656,hpg_4df2df7b7a9a101e,2016-01-02 19:00:00,2016-01-02 13:00:00,2
657,hpg_4f3c4a2d2f5f30bd,2016-01-02 19:00:00,2016-01-02 17:00:00,2
658,hpg_51102c243a68c7fc,2016-01-02 19:00:00,2016-01-02 00:00:00,2
659,hpg_51cfc18ea44556cd,2016-01-02 19:00:00,2016-01-01 23:00:00,6
660,hpg_54b5a6ffd96e80d8,2016-01-02 19:00:00,2016-01-01 09:00:00,2
661,hpg_54c3eb042366fffa,2016-01-02 19:00:00,2016-01-01 14:00:00,8
662,hpg_54d3a3f3f5ccb2e7,2016-01-02 19:00:00,2016-01-01 15:00:00,3
663,hpg_54dd9ff429847a02,2016-01-02 19:00:00,2016-01-01 17:00:00,4
664,hpg_57192f33d71b0c2c,2016-01-02 19:00:00,2016-01-02 12:00:00,2
665,hpg_58b3b1f9ca7fc42b,2016-01-02 19:00:00,2016-01-02 13:00:00,4
666,hpg_5962197efa7513f5,2016-01-02 19:00:00,2016-01-01 12:00:00,4
667,hpg_5c83ed5c4d14a95c,2016-01-02 19:00:00,2016-01-01 17:00:00,7
668,hpg_5c922eba98a13ebd,2016-01-02 19:00:00,2016-01-02 11:00:00,3
669,hpg_61496048f5ea6805,2016-01-02 19:00:00,2016-01-02 00:00:00,4
670,hpg_614fa1183c1db71e,2016-01-02 19:00:00,2016-01-01 22:00:00,2
671,hpg_61a2ea7fe56322cf,2016-01-02 19:00:00,2016-01-02 12:00:00,4
672,hpg_631aa05c76a3c4f7,2016-01-02 19:00:00,2016-01-02 14:00:00,7
673,hpg_64589f5d86cb7325,2016-01-02 19:00:00,2016-01-01 22:00:00,5
674,hpg_6760dafca832dc21,2016-01-02 19:00:00,2016-01-01 09:00:00,5
675,hpg_6803e9b9887c25b2,2016-01-02 19:00:00,2016-01-02 14:00:00,3
676,hpg_688055201bccf1c8,2016-01-02 19:00:00,2016-01-01 12:00:00,4
677,hpg_6958f70da93a1f4b,2016-01-02 19:00:00,2016-01-01 20:00:00,4
678,hpg_6985489b61c176c9,2016-01-02 19:00:00,2016-01-02 12:00:00,5
679,hpg_6ab4b09e096005ed,2016-01-02 19:00:00,2016-01-01 22:00:00,4
680,hpg_6acecbd8ac9b7693,2016-01-02 19:00:00,2016-01-01 23:00:00,4
681,hpg_6acecbd8ac9b7693,2016-01-02 19:00:00,2016-01-02 16:00:00,4
682,hpg_6b9b6445522c861f,2016-01-02 19:00:00,2016-01-02 17:00:00,4
683,hpg_6ce1018421748a56,2016-01-02 19:00:00,2016-01-02 08:00:00,4
684,hpg_6ef77a603ace7e1a,2016-01-02 19:00:00,2016-01-01 04:00:00,8
685,hpg_6f4c3e7cf0061ff5,2016-01-02 19:00:00,2016-01-01 16:00:00,4
686,hpg_6f6447a87ac3aeb3,2016-01-02 19:00:00,2016-01-01 14:00:00,6
687,hpg_70f151aec1be73f6,2016-01-02 19:00:00,2016-01-01 23:00:00,12
688,hpg_716906a95eb27288,2016-01-02 19:00:00,2016-01-02 15:00:00,2
689,hpg_71bd045fc40969a7,2016-01-02 19:00:00,2016-01-01 18:00:00,2
690,hpg_721ea0922faa5f2b,2016-01-02 19:00:00,2016-01-01 19:00:00,2
691,hpg_7272af727ac275ca,2016-01-02 19:00:00,2016-01-01 08:00:00,5
692,hpg_78e6277d36cbc357,2016-01-02 19:00:00,2016-01-01 18:00:00,2
693,hpg_793f555f101f0f76,2016-01-02 19:00:00,2016-01-01 16:00:00,2
694,hpg_79e4820b1f85ffb7,2016-01-02 19:00:00,2016-01-01 22:00:00,3
695,hpg_7b1250395da41fae,2016-01-02 19:00:00,2016-01-02 14:00:00,2
696,hpg_7b1250395da41fae,2016-01-02 19:00:00,2016-01-01 21:00:00,3
697,hpg_7b1250395da41fae,2016-01-02 19:00:00,2016-01-02 14:00:00,3
698,hpg_7e6ab78e5075a09f,2016-01-02 19:00:00,2016-01-02 09:00:00,2
699,hpg_7ed6d304949fc602,2016-01-02 19:00:00,2016-01-01 13:00:00,11
700,hpg_7ed6d304949fc602,2016-01-02 19:00:00,2016-01-01 13:00:00,11
701,hpg_824813e0e9f6e6c5,2016-01-02 19:00:00,2016-01-01 12:00:00,6
702,hpg_82bdc11501e07672,2016-01-02 19:00:00,2016-01-02 18:00:00,2
703,hpg_84ec373e3183da86,2016-01-02 19:00:00,2016-01-01 22:00:00,2
704,hpg_878cc70b1abc76f7,2016-01-02 19:00:00,2016-01-02 14:00:00,2
705,hpg_87e9faa907fe955a,2016-01-02 19:00:00,2016-01-02 13:00:00,4
706,hpg_89f122451e2b3d39,2016-01-02 19:00:00,2016-01-01 19:00:00,4
707,hpg_8b7f0917f8809337,2016-01-02 19:00:00,2016-01-01 19:00:00,5
708,hpg_8de3dd82c3755e2c,2016-01-02 19:00:00,2016-01-01 20:00:00,2
709,hpg_8ef4bc1c6b5a239f,2016-01-02 19:00:00,2016-01-01 22:00:00,4
710,hpg_90fdbb5cc0d67552,2016-01-02 19:00:00,2016-01-02 12:00:00,6
711,hpg_910981068d5a8cbf,2016-01-02 19:00:00,2016-01-01 15:00:00,2
712,hpg_916cf4cdcf221406,2016-01-02 19:00:00,2016-01-01 18:00:00,3
713,hpg_934ff8a05fe1b95d,2016-01-02 19:00:00,2016-01-02 02:00:00,3
714,hpg_94bd179a80ae8e94,2016-01-02 19:00:00,2016-01-01 18:00:00,2
715,hpg_95423eedc8f0d546,2016-01-02 19:00:00,2016-01-02 00:00:00,6
716,hpg_955fe4237bfc1dc2,2016-01-02 19:00:00,2016-01-02 16:00:00,5
717,hpg_96f95475a20e3716,2016-01-02 19:00:00,2016-01-01 18:00:00,4
718,hpg_9707b36d4872284f,2016-01-02 19:00:00,2016-01-01 00:00:00,4
719,hpg_971af9b8700e920a,2016-01-02 19:00:00,2016-01-02 00:00:00,4
720,hpg_973fcf35d15c8953,2016-01-02 19:00:00,2016-01-02 11:00:00,5
721,hpg_9a0a12f8573b55ea,2016-01-02 19:00:00,2016-01-01 15:00:00,4
722,hpg_9c0464f267f5078c,2016-01-02 19:00:00,2016-01-01 19:00:00,2
723,hpg_9ce555daaec9c325,2016-01-02 19:00:00,2016-01-01 14:00:00,2
724,hpg_9e33384614e34fbe,2016-01-02 19:00:00,2016-01-02 07:00:00,2
725,hpg_9e4a5305856d7ba6,2016-01-02 19:00:00,2016-01-01 19:00:00,2
726,hpg_9e70b9361ba53227,2016-01-02 19:00:00,2016-01-02 03:00:00,4
727,hpg_9e754a2343074e64,2016-01-02 19:00:00,2016-01-02 08:00:00,2
728,hpg_a2b0c1212abf44d3,2016-01-02 19:00:00,2016-01-01 11:00:00,6
729,hpg_a49833c2f6218013,2016-01-02 19:00:00,2016-01-01 20:00:00,5
730,hpg_a4af04f8572565d9,2016-01-02 19:00:00,2016-01-01 16:00:00,12
731,hpg_a6398e3732a6a36c,2016-01-02 19:00:00,2016-01-02 00:00:00,5
732,hpg_a91aa63924edc542,2016-01-02 19:00:00,2016-01-02 17:00:00,4
733,hpg_aa75ac9acc47bdc5,2016-01-02 19:00:00,2016-01-01 13:00:00,3
734,hpg_ab6b680869a80df2,2016-01-02 19:00:00,2016-01-01 00:00:00,2
735,hpg_ab6b680869a80df2,2016-01-02 19:00:00,2016-01-01 00:00:00,2
736,hpg_adfb585272ce5dbb,2016-01-02 19:00:00,2016-01-02 18:00:00,3
737,hpg_adfb585272ce5dbb,2016-01-02 19:00:00,2016-01-02 14:00:00,2
738,hpg_aee92538e1b51d5f,2016-01-02 19:00:00,2016-01-01 22:00:00,3
739,hpg_af557975bfc11d99,2016-01-02 19:00:00,2016-01-01 18:00:00,2
740,hpg_b17afe1a30bcd4cc,2016-01-02 19:00:00,2016-01-01 00:00:00,5
741,hpg_b284acba1fc1e821,2016-01-02 19:00:00,2016-01-02 18:00:00,3
742,hpg_b29f453a6a7fb393,2016-01-02 19:00:00,2016-01-01 15:00:00,2
743,hpg_b331d564faf8ef78,2016-01-02 19:00:00,2016-01-01 22:00:00,4
744,hpg_b34a01eb18985a7c,2016-01-02 19:00:00,2016-01-02 15:00:00,4
745,hpg_b471465da67b4b8b,2016-01-02 19:00:00,2016-01-01 17:00:00,4
746,hpg_b47afcbd1954c67c,2016-01-02 19:00:00,2016-01-01 22:00:00,5
747,hpg_b4c605d61d1fb318,2016-01-02 19:00:00,2016-01-01 09:00:00,3
748,hpg_b7c35c9f6431c1f9,2016-01-02 19:00:00,2016-01-01 19:00:00,6
749,hpg_b7f05c204af42b91,2016-01-02 19:00:00,2016-01-02 17:00:00,4
750,hpg_b7f05c204af42b91,2016-01-02 19:00:00,2016-01-01 13:00:00,3
751,hpg_b81e80392c1cec89,2016-01-02 19:00:00,2016-01-02 03:00:00,4
752,hpg_b81e80392c1cec89,2016-01-02 19:00:00,2016-01-01 19:00:00,12
753,hpg_b8578c1f9c410699,2016-01-02 19:00:00,2016-01-01 22:00:00,3
754,hpg_b8578c1f9c410699,2016-01-02 19:00:00,2016-01-02 10:00:00,3
755,hpg_b8b5da832ff70234,2016-01-02 19:00:00,2016-01-01 21:00:00,2
756,hpg_b903607b93d2f850,2016-01-02 19:00:00,2016-01-01 01:00:00,4
757,hpg_baf62d216102c867,2016-01-02 19:00:00,2016-01-02 18:00:00,2
758,hpg_c17fda6243c5dcea,2016-01-02 19:00:00,2016-01-01 18:00:00,3
759,hpg_c17fda6243c5dcea,2016-01-02 19:00:00,2016-01-01 22:00:00,5
760,hpg_c265a318b37114f0,2016-01-02 19:00:00,2016-01-01 19:00:00,4
761,hpg_c2b1f6a70d436720,2016-01-02 19:00:00,2016-01-01 12:00:00,2
762,hpg_c3425fcb0cd00d00,2016-01-02 19:00:00,2016-01-01 21:00:00,12
763,hpg_c4b48e1ab39e4760,2016-01-02 19:00:00,2016-01-01 17:00:00,4
764,hpg_c4b48e1ab39e4760,2016-01-02 19:00:00,2016-01-02 15:00:00,3
765,hpg_c4b48e1ab39e4760,2016-01-02 19:00:00,2016-01-01 16:00:00,6
766,hpg_c5236fdf4deadcc9,2016-01-02 19:00:00,2016-01-01 21:00:00,2
767,hpg_c5845dbe30775e4a,2016-01-02 19:00:00,2016-01-01 14:00:00,4
768,hpg_c66111c11ba6382e,2016-01-02 19:00:00,2016-01-02 12:00:00,3
769,hpg_cbef6b87befbbf48,2016-01-02 19:00:00,2016-01-02 13:00:00,2
770,hpg_cd965198dc905897,2016-01-02 19:00:00,2016-01-01 19:00:00,4
771,hpg_ce4204762cb80150,2016-01-02 19:00:00,2016-01-01 16:00:00,3
772,hpg_cf281509c6c2d4c9,2016-01-02 19:00:00,2016-01-01 12:00:00,3
773,hpg_d22dbdab80235564,2016-01-02 19:00:00,2016-01-02 10:00:00,3
774,hpg_d234b172c172a55b,2016-01-02 19:00:00,2016-01-01 20:00:00,7
775,hpg_d2bd45e26d759e16,2016-01-02 19:00:00,2016-01-01 19:00:00,4
776,hpg_d329b00c373ff97d,2016-01-02 19:00:00,2016-01-01 10:00:00,7
777,hpg_d3c23ee66067c0f9,2016-01-02 19:00:00,2016-01-01 11:00:00,7
778,hpg_d5017bfc1b5b20ba,2016-01-02 19:00:00,2016-01-02 18:00:00,2
779,hpg_d5ed020cfcf11079,2016-01-02 19:00:00,2016-01-01 13:00:00,5
780,hpg_d793828c14a7ef30,2016-01-02 19:00:00,2016-01-02 10:00:00,3
781,hpg_d82a4d28ec65acb8,2016-01-02 19:00:00,2016-01-02 00:00:00,2
782,hpg_d951bae401693424,2016-01-02 19:00:00,2016-01-01 19:00:00,2
783,hpg_da5f1632d0cdd056,2016-01-02 19:00:00,2016-01-01 16:00:00,4
784,hpg_dbfcf69237c8acaf,2016-01-02 19:00:00,2016-01-01 13:00:00,6
785,hpg_dc639640420bde5f,2016-01-02 19:00:00,2016-01-02 09:00:00,2
786,hpg_dc639640420bde5f,2016-01-02 19:00:00,2016-01-01 23:00:00,4
787,hpg_dd00d17cf7165882,2016-01-02 19:00:00,2016-01-02 09:00:00,7
788,hpg_de03e4fcf35310e8,2016-01-02 19:00:00,2016-01-01 12:00:00,2
789,hpg_de608ad52d3af03f,2016-01-02 19:00:00,2016-01-02 17:00:00,4
790,hpg_dfc01ab9963b7c3b,2016-01-02 19:00:00,2016-01-02 12:00:00,2
791,hpg_e12af69a2cd117b7,2016-01-02 19:00:00,2016-01-01 11:00:00,5
792,hpg_e34b4ddd4f286e29,2016-01-02 19:00:00,2016-01-01 15:00:00,3
793,hpg_e43f7dbdf05fcf41,2016-01-02 19:00:00,2016-01-01 23:00:00,5
794,hpg_e591f596b4dbad62,2016-01-02 19:00:00,2016-01-01 13:00:00,4
795,hpg_e6da8f1aae81747c,2016-01-02 19:00:00,2016-01-02 09:00:00,2
796,hpg_e6da8f1aae81747c,2016-01-02 19:00:00,2016-01-01 14:00:00,12
797,hpg_e78855f1619e7c8e,2016-01-02 19:00:00,2016-01-02 10:00:00,9
798,hpg_e8f672920896111a,2016-01-02 19:00:00,2016-01-01 18:00:00,2
799,hpg_ea72cb9d1db1cd2e,2016-01-02 19:00:00,2016-01-01 16:00:00,4
800,hpg_ee591378590914a4,2016-01-02 19:00:00,2016-01-01 08:00:00,4
801,hpg_ee5f7eb81e7d1524,2016-01-02 19:00:00,2016-01-01 18:00:00,4
802,hpg_f04580a4ed2b795e,2016-01-02 19:00:00,2016-01-02 10:00:00,2
803,hpg_f0f148dbec3c7807,2016-01-02 19:00:00,2016-01-01 17:00:00,12
804,hpg_f101a770e169705b,2016-01-02 19:00:00,2016-01-01 20:00:00,2
805,hpg_f15810839d00a7de,2016-01-02 19:00:00,2016-01-02 18:00:00,2
806,hpg_f198b45f0c9bab8a,2016-01-02 19:00:00,2016-01-01 17:00:00,5
807,hpg_f1a11630830d2193,2016-01-02 19:00:00,2016-01-01 23:00:00,3
808,hpg_f1a11630830d2193,2016-01-02 19:00:00,2016-01-02 03:00:00,8
809,hpg_f460793514dad711,2016-01-02 19:00:00,2016-01-01 20:00:00,4
810,hpg_f495c9d4570c0c6e,2016-01-02 19:00:00,2016-01-01 17:00:00,4
811,hpg_fd3767be1bf06b66,2016-01-02 19:00:00,2016-01-02 16:00:00,5
812,hpg_fdad96eeaaab603e,2016-01-02 19:00:00,2016-01-01 08:00:00,2
813,hpg_fe7e1f607f462518,2016-01-02 19:00:00,2016-01-01 10:00:00,5
814,hpg_fee498b436ee970b,2016-01-02 19:00:00,2016-01-01 20:00:00,2
815,hpg_02e2265ee1ac8dc1,2016-01-02 20:00:00,2016-01-01 16:00:00,4
816,hpg_04e54d34ae2341b0,2016-01-02 20:00:00,2016-01-01 22:00:00,4
817,hpg_051f7be4fae38ab4,2016-01-02 20:00:00,2016-01-01 19:00:00,2
818,hpg_05591834ac03b6d6,2016-01-02 20:00:00,2016-01-02 19:00:00,9
819,hpg_0823b979da0fae91,2016-01-02 20:00:00,2016-01-02 17:00:00,2
820,hpg_1840bdaa8cf0bea9,2016-01-02 20:00:00,2016-01-01 23:00:00,4
821,hpg_1a9e2adb0da2ebcc,2016-01-02 20:00:00,2016-01-01 17:00:00,3
822,hpg_1b730fe1eb681f79,2016-01-02 20:00:00,2016-01-01 21:00:00,3
823,hpg_21b36340772e8900,2016-01-02 20:00:00,2016-01-02 12:00:00,2
824,hpg_21d234d52714aad4,2016-01-02 20:00:00,2016-01-02 16:00:00,3
825,hpg_22413fafaf6c7c55,2016-01-02 20:00:00,2016-01-01 18:00:00,15
826,hpg_23ce1aa8cbeaecb9,2016-01-02 20:00:00,2016-01-02 14:00:00,2
827,hpg_2cda22e8e05c0055,2016-01-02 20:00:00,2016-01-02 11:00:00,5
828,hpg_2fd6f421cc079c2c,2016-01-02 20:00:00,2016-01-01 13:00:00,2
829,hpg_3018271825f9358f,2016-01-02 20:00:00,2016-01-02 16:00:00,2
830,hpg_369d0b4924185a60,2016-01-02 20:00:00,2016-01-01 23:00:00,4
831,hpg_3809f6ebbeb2e347,2016-01-02 20:00:00,2016-01-01 22:00:00,6
832,hpg_3a08e8ff5813a233,2016-01-02 20:00:00,2016-01-01 21:00:00,4
833,hpg_3ab17f2bf02415f5,2016-01-02 20:00:00,2016-01-02 19:00:00,7
834,hpg_3ab17f2bf02415f5,2016-01-02 20:00:00,2016-01-02 19:00:00,3
835,hpg_3b87f4dce392ec74,2016-01-02 20:00:00,2016-01-01 08:00:00,6
836,hpg_466669f17090716f,2016-01-02 20:00:00,2016-01-01 00:00:00,4
837,hpg_4888e9fa59f382bb,2016-01-02 20:00:00,2016-01-01 15:00:00,24
838,hpg_52aaec1302846a20,2016-01-02 20:00:00,2016-01-01 23:00:00,6
839,hpg_52ac4a81c1dd32c4,2016-01-02 20:00:00,2016-01-01 13:00:00,6
840,hpg_53f17a78f7dcb6b3,2016-01-02 20:00:00,2016-01-02 08:00:00,3
841,hpg_58c46e58714c49d1,2016-01-02 20:00:00,2016-01-01 14:00:00,6
842,hpg_59205b24e80515e8,2016-01-02 20:00:00,2016-01-02 01:00:00,3
843,hpg_6014f2bb8dd2ad50,2016-01-02 20:00:00,2016-01-01 09:00:00,3
844,hpg_60b06a0815943bd3,2016-01-02 20:00:00,2016-01-01 22:00:00,4
845,hpg_61496048f5ea6805,2016-01-02 20:00:00,2016-01-02 17:00:00,2
846,hpg_652bb34ffa3301a4,2016-01-02 20:00:00,2016-01-01 17:00:00,5
847,hpg_6958f70da93a1f4b,2016-01-02 20:00:00,2016-01-01 18:00:00,9
848,hpg_6a9078ca572bfd2a,2016-01-02 20:00:00,2016-01-01 19:00:00,5
849,hpg_6e2598e0b3c4638c,2016-01-02 20:00:00,2016-01-02 19:00:00,3
850,hpg_74c866faf4252488,2016-01-02 20:00:00,2016-01-01 21:00:00,3
851,hpg_7b1250395da41fae,2016-01-02 20:00:00,2016-01-01 22:00:00,2
852,hpg_80f9dfb202fc6eee,2016-01-02 20:00:00,2016-01-01 15:00:00,4
853,hpg_82bdc11501e07672,2016-01-02 20:00:00,2016-01-01 22:00:00,2
854,hpg_83f62755a0fcc033,2016-01-02 20:00:00,2016-01-02 19:00:00,2
855,hpg_8822a200af759a0c,2016-01-02 20:00:00,2016-01-02 14:00:00,3
856,hpg_8e4dcbec4871fa73,2016-01-02 20:00:00,2016-01-01 19:00:00,7
857,hpg_8ea70c1aed16c6ec,2016-01-02 20:00:00,2016-01-01 12:00:00,3
858,hpg_8f928fbfb5f66606,2016-01-02 20:00:00,2016-01-01 19:00:00,2
859,hpg_9748f4e77675090a,2016-01-02 20:00:00,2016-01-02 19:00:00,2
860,hpg_9e33384614e34fbe,2016-01-02 20:00:00,2016-01-01 18:00:00,5
861,hpg_a7d80df371736f55,2016-01-02 20:00:00,2016-01-01 11:00:00,4
862,hpg_ae42b7d6630f084e,2016-01-02 20:00:00,2016-01-02 19:00:00,2
863,hpg_b316686a5dfe7020,2016-01-02 20:00:00,2016-01-01 11:00:00,2
864,hpg_b5884e41bfab79e4,2016-01-02 20:00:00,2016-01-01 16:00:00,2
865,hpg_b8982b44e04b9374,2016-01-02 20:00:00,2016-01-02 17:00:00,2
866,hpg_b8b5da832ff70234,2016-01-02 20:00:00,2016-01-02 17:00:00,2
867,hpg_c17fda6243c5dcea,2016-01-02 20:00:00,2016-01-01 20:00:00,2
868,hpg_c3d34bc84eaec6c4,2016-01-02 20:00:00,2016-01-01 18:00:00,2
869,hpg_c9429cf1d7610b7a,2016-01-02 20:00:00,2016-01-02 14:00:00,3
870,hpg_d1e0f0e43a280d5e,2016-01-02 20:00:00,2016-01-02 19:00:00,2
871,hpg_d741670c895dd6ec,2016-01-02 20:00:00,2016-01-01 08:00:00,3
872,hpg_d81736f3391b8cef,2016-01-02 20:00:00,2016-01-02 15:00:00,2
873,hpg_dc848323b917b8e6,2016-01-02 20:00:00,2016-01-01 00:00:00,2
874,hpg_e7dddf94c45aa69a,2016-01-02 20:00:00,2016-01-01 16:00:00,3
875,hpg_ee8bd2cafed20951,2016-01-02 20:00:00,2016-01-01 12:00:00,6
876,hpg_f04580a4ed2b795e,2016-01-02 20:00:00,2016-01-02 18:00:00,6
877,hpg_f21258490547aaf1,2016-01-02 20:00:00,2016-01-02 14:00:00,2
878,hpg_f893c6859f8b2876,2016-01-02 20:00:00,2016-01-01 15:00:00,4
879,hpg_10c2c69ef01dcfd8,2016-01-02 21:00:00,2016-01-01 16:00:00,6
880,hpg_19fa66150e5423ff,2016-01-02 21:00:00,2016-01-01 01:00:00,6
881,hpg_2e10e1956528199a,2016-01-02 21:00:00,2016-01-02 14:00:00,7
882,hpg_37cd2a03b79e6ba0,2016-01-02 21:00:00,2016-01-02 10:00:00,2
883,hpg_66834c6410150f4a,2016-01-02 21:00:00,2016-01-01 21:00:00,3
884,hpg_763056d5733a06bc,2016-01-02 21:00:00,2016-01-02 20:00:00,2
885,hpg_815f092aaac0454b,2016-01-02 21:00:00,2016-01-02 19:00:00,3
886,hpg_8190d0e26c739c0a,2016-01-02 21:00:00,2016-01-01 15:00:00,2
887,hpg_8de5dd6d9a6c5571,2016-01-02 21:00:00,2016-01-02 21:00:00,3
888,hpg_8e4dcbec4871fa73,2016-01-02 21:00:00,2016-01-02 00:00:00,5
889,hpg_a636a126bd4ea37b,2016-01-02 21:00:00,2016-01-01 13:00:00,14
890,hpg_b7f05c204af42b91,2016-01-02 21:00:00,2016-01-01 15:00:00,3
891,hpg_bacb6f32095600c7,2016-01-02 21:00:00,2016-01-01 21:00:00,4
892,hpg_c4f33587014dd154,2016-01-02 21:00:00,2016-01-01 08:00:00,4
893,hpg_d5017bfc1b5b20ba,2016-01-02 21:00:00,2016-01-01 12:00:00,4
894,hpg_d5017bfc1b5b20ba,2016-01-02 21:00:00,2016-01-02 15:00:00,2
895,hpg_dfe27a5481c84588,2016-01-02 21:00:00,2016-01-01 10:00:00,3
896,hpg_f101a770e169705b,2016-01-02 21:00:00,2016-01-02 20:00:00,4
897,hpg_f802d9079d5b1af3,2016-01-02 21:00:00,2016-01-02 12:00:00,4
898,hpg_126f14a1fba90056,2016-01-02 22:00:00,2016-01-02 20:00:00,5
899,hpg_85c4649bd4776a83,2016-01-02 22:00:00,2016-01-01 02:00:00,2
900,hpg_93d0b9b09395754e,2016-01-02 22:00:00,2016-01-01 12:00:00,2
901,hpg_b97f152720af5f3b,2016-01-02 22:00:00,2016-01-01 17:00:00,10
902,hpg_d793828c14a7ef30,2016-01-02 22:00:00,2016-01-02 11:00:00,2
903,hpg_d951bae401693424,2016-01-02 22:00:00,2016-01-01 12:00:00,2
904,hpg_34ddef8de00b3036,2016-01-02 23:00:00,2016-01-01 11:00:00,3
905,hpg_8de3dd82c3755e2c,2016-01-02 23:00:00,2016-01-02 22:00:00,2
906,hpg_8f5fd6d83b812cc3,2016-01-02 23:00:00,2016-01-01 16:00:00,2
907,hpg_f9de619b90045d3c,2016-01-02 23:00:00,2016-01-01 14:00:00,4
908,hpg_cf192aba94cc8737,2016-01-03 00:00:00,2016-01-01 15:00:00,8
909,hpg_986a03293191697d,2016-01-03 01:00:00,2016-01-02 03:00:00,2
910,hpg_f6117f6d2533237f,2016-01-03 01:00:00,2016-01-02 03:00:00,2
911,hpg_f6117f6d2533237f,2016-01-03 01:00:00,2016-01-02 03:00:00,2
912,hpg_0394e4a702635d2c,2016-01-03 11:00:00,2016-01-01 16:00:00,3
913,hpg_06c98084a6dd042e,2016-01-03 11:00:00,2016-01-01 11:00:00,4
914,hpg_0c20059a038fbdf7,2016-01-03 11:00:00,2016-01-01 22:00:00,2
915,hpg_17f4a9884104cb23,2016-01-03 11:00:00,2016-01-02 22:00:00,3
916,hpg_2fae6c660df04b9b,2016-01-03 11:00:00,2016-01-02 14:00:00,7
917,hpg_433c96001b345e85,2016-01-03 11:00:00,2016-01-02 16:00:00,4
918,hpg_57d18782e9475e40,2016-01-03 11:00:00,2016-01-01 17:00:00,2
919,hpg_5ade3626e1f4b062,2016-01-03 11:00:00,2016-01-02 11:00:00,2
920,hpg_748f987464ada6c2,2016-01-03 11:00:00,2016-01-02 14:00:00,9
921,hpg_77d76dfb817ae88d,2016-01-03 11:00:00,2016-01-02 17:00:00,8
922,hpg_93d8b5c148c5b4f8,2016-01-03 11:00:00,2016-01-02 10:00:00,4
923,hpg_9a0a12f8573b55ea,2016-01-03 11:00:00,2016-01-02 16:00:00,2
924,hpg_a7a9b1c4424afdc1,2016-01-03 11:00:00,2016-01-02 08:00:00,2
925,hpg_c3bdaac87edeb4f6,2016-01-03 11:00:00,2016-01-01 18:00:00,2
926,hpg_cd181dcfb12aee33,2016-01-03 11:00:00,2016-01-02 12:00:00,4
927,hpg_d8bd985cfa03da01,2016-01-03 11:00:00,2016-01-01 12:00:00,4
928,hpg_d96b6ec1dc53cb22,2016-01-03 11:00:00,2016-01-01 21:00:00,4
929,hpg_e9493be93a762dd4,2016-01-03 11:00:00,2016-01-01 13:00:00,4
930,hpg_ed5295cac851b6eb,2016-01-03 11:00:00,2016-01-02 12:00:00,7
931,hpg_097ef3ea67da2919,2016-01-03 12:00:00,2016-01-01 19:00:00,5
932,hpg_0de000d523008f5c,2016-01-03 12:00:00,2016-01-02 11:00:00,3
933,hpg_0de000d523008f5c,2016-01-03 12:00:00,2016-01-01 22:00:00,2
934,hpg_28618c4000c00eda,2016-01-03 12:00:00,2016-01-02 16:00:00,2
935,hpg_28618c4000c00eda,2016-01-03 12:00:00,2016-01-02 16:00:00,3
936,hpg_3274f8bf946f19ff,2016-01-03 12:00:00,2016-01-02 10:00:00,2
937,hpg_36d92f4bd48eb260,2016-01-03 12:00:00,2016-01-02 06:00:00,2
938,hpg_3b7d239aac659f53,2016-01-03 12:00:00,2016-01-03 11:00:00,1
939,hpg_433c96001b345e85,2016-01-03 12:00:00,2016-01-02 19:00:00,4
940,hpg_455dd87bdb3c4135,2016-01-03 12:00:00,2016-01-01 15:00:00,3
941,hpg_4ec4204594471ed0,2016-01-03 12:00:00,2016-01-02 16:00:00,2
942,hpg_566ce623bd4c67e9,2016-01-03 12:00:00,2016-01-02 12:00:00,6
943,hpg_5c83ed5c4d14a95c,2016-01-03 12:00:00,2016-01-02 16:00:00,2
944,hpg_6464c8f8079d7307,2016-01-03 12:00:00,2016-01-01 15:00:00,2
945,hpg_6985489b61c176c9,2016-01-03 12:00:00,2016-01-01 12:00:00,6
946,hpg_72102b177c64b321,2016-01-03 12:00:00,2016-01-03 09:00:00,16
947,hpg_742b7bec5ebea24a,2016-01-03 12:00:00,2016-01-02 15:00:00,3
948,hpg_8283aaeb3378392e,2016-01-03 12:00:00,2016-01-02 16:00:00,2
949,hpg_972243b9b0b6f2cd,2016-01-03 12:00:00,2016-01-02 12:00:00,2
950,hpg_9c76169950854f4b,2016-01-03 12:00:00,2016-01-01 22:00:00,2
951,hpg_adbafadb731b9f5b,2016-01-03 12:00:00,2016-01-01 23:00:00,2
952,hpg_c1eef95f6580af03,2016-01-03 12:00:00,2016-01-01 12:00:00,3
953,hpg_c1eef95f6580af03,2016-01-03 12:00:00,2016-01-01 12:00:00,3
954,hpg_c663769617e0ab81,2016-01-03 12:00:00,2016-01-01 18:00:00,4
955,hpg_cd5b7f41512b36a7,2016-01-03 12:00:00,2016-01-02 12:00:00,2
956,hpg_cde228d39d5ef55c,2016-01-03 12:00:00,2016-01-02 14:00:00,5
957,hpg_ce597eca1e8f7aac,2016-01-03 12:00:00,2016-01-02 15:00:00,5
958,hpg_d92b7249c06543bf,2016-01-03 12:00:00,2016-01-02 21:00:00,4
959,hpg_dfe27a5481c84588,2016-01-03 12:00:00,2016-01-01 22:00:00,3
960,hpg_e0bdf8d6ea4e1d6c,2016-01-03 12:00:00,2016-01-01 16:00:00,2
961,hpg_e301b8c7a984972f,2016-01-03 12:00:00,2016-01-01 17:00:00,2
962,hpg_f52ca09c98a38e07,2016-01-03 12:00:00,2016-01-01 21:00:00,2
963,hpg_fc90e6337114ba74,2016-01-03 12:00:00,2016-01-02 19:00:00,2
964,hpg_fe2f55e59916b455,2016-01-03 12:00:00,2016-01-02 14:00:00,4
965,hpg_07f5a0084205a5b0,2016-01-03 13:00:00,2016-01-01 01:00:00,2
966,hpg_111aad0a4ee42e8d,2016-01-03 13:00:00,2016-01-01 13:00:00,7
967,hpg_2abb3e315bf9fb22,2016-01-03 13:00:00,2016-01-02 15:00:00,3
968,hpg_2b96ed0651909731,2016-01-03 13:00:00,2016-01-02 17:00:00,2
969,hpg_3c2432b7bc9c7765,2016-01-03 13:00:00,2016-01-02 12:00:00,2
970,hpg_4e83f0111fd5c01b,2016-01-03 13:00:00,2016-01-01 22:00:00,2
971,hpg_503f9ae8cc55cca8,2016-01-03 13:00:00,2016-01-03 12:00:00,2
972,hpg_6b843fe93e5264e6,2016-01-03 13:00:00,2016-01-02 10:00:00,2
973,hpg_72940d0d22e33a6d,2016-01-03 13:00:00,2016-01-02 16:00:00,3
974,hpg_74e92cbaba99af44,2016-01-03 13:00:00,2016-01-02 16:00:00,3
975,hpg_789d6233d93ab9cf,2016-01-03 13:00:00,2016-01-03 11:00:00,4
976,hpg_7f348e2f78fd10ae,2016-01-03 13:00:00,2016-01-01 22:00:00,3
977,hpg_8a1fb9c2a62fca85,2016-01-03 13:00:00,2016-01-01 16:00:00,8
978,hpg_9404218b3cb388e3,2016-01-03 13:00:00,2016-01-02 01:00:00,2
979,hpg_945c2807cef88022,2016-01-03 13:00:00,2016-01-01 21:00:00,4
980,hpg_c97f8754b05f0bc4,2016-01-03 13:00:00,2016-01-03 10:00:00,3
981,hpg_cc33e77c38c607e1,2016-01-03 13:00:00,2016-01-02 23:00:00,2
982,hpg_f52ca09c98a38e07,2016-01-03 13:00:00,2016-01-02 10:00:00,3
983,hpg_0f3b61804585a806,2016-01-03 14:00:00,2016-01-02 15:00:00,3
984,hpg_5652d07938de68dd,2016-01-03 14:00:00,2016-01-02 15:00:00,12
985,hpg_5d894af35101c1c2,2016-01-03 14:00:00,2016-01-01 19:00:00,4
986,hpg_9c021f438d7ae3ae,2016-01-03 14:00:00,2016-01-01 23:00:00,7
987,hpg_a07595ce1090647c,2016-01-03 14:00:00,2016-01-01 20:00:00,4
988,hpg_e7d6c272b8af1d17,2016-01-03 14:00:00,2016-01-02 12:00:00,3
989,hpg_13fc1f33463283a2,2016-01-03 15:00:00,2016-01-02 10:00:00,2
990,hpg_85bf99c75e1eb4c1,2016-01-03 15:00:00,2016-01-01 22:00:00,4
991,hpg_d06abd5b813a477e,2016-01-03 15:00:00,2016-01-02 13:00:00,2
992,hpg_f5266ef8d2540ce2,2016-01-03 15:00:00,2016-01-02 22:00:00,5
993,hpg_fd655e9bdf6f703a,2016-01-03 15:00:00,2016-01-03 12:00:00,2
994,hpg_2976f7acb4b3a3bc,2016-01-03 16:00:00,2016-01-02 22:00:00,3
995,hpg_4b5d51db9ffc4cb8,2016-01-03 16:00:00,2016-01-01 19:00:00,7
996,hpg_550a6e75ad83a0b3,2016-01-03 16:00:00,2016-01-01 23:00:00,4
997,hpg_647c4c2753cd4a1e,2016-01-03 16:00:00,2016-01-02 17:00:00,2
998,hpg_6cb7703ccf14bfc6,2016-01-03 16:00:00,2016-01-01 18:00:00,2
999,hpg_8c83a5b981dfc195,2016-01-03 16:00:00,2016-01-02 14:00:00,6
